"m_sp"	"m_sf"	"sf_treatment"	"treatment"	"time"	"subsample"	"replicate"	"APN"	"DPP4"	"NEP"	"tot_sperm"	"HA"	"VCL"	"LIN"	"ALH"	"n_dead_sperm"	"tot_sperm_viab"	"number_motile_cells_int"
"6"	NA	"control"	"SW"	"30"	"a"	"1"	NA	NA	NA	122	12	128.5	29.3	1.7	NA	NA	49
"6"	NA	"control"	"SW"	"30"	"a"	"2"	NA	NA	NA	182	25	137.2	25.8	1.5	NA	NA	79
"6"	NA	"control"	"SW"	"90"	"a"	"1"	NA	NA	NA	92	18	143.9	27.8	1	680	3837	42
"6"	NA	"control"	"SW"	"90"	"a"	"2"	NA	NA	NA	120	27	153.5	23.7	0.9	686	3425	60
"7"	NA	"control"	"SW"	"30"	"a"	"1"	NA	NA	NA	142	17	111.7	33.2	1.5	NA	NA	56
"7"	NA	"control"	"SW"	"30"	"a"	"2"	NA	NA	NA	166	13	120.1	30.3	1.2	NA	NA	57
"7"	NA	"control"	"SW"	"90"	"a"	"2"	NA	NA	NA	128	18	118.8	30.6	1	366	1259	50
"7"	NA	"control"	"SW"	"90"	"a"	"1"	NA	NA	NA	119	13	159.2	30.5	1.1	536	1632	45
"1"	NA	"control"	"SW"	"30"	"a"	"1"	NA	NA	NA	144	23	124.3	43.8	1.6	NA	NA	93
"1"	NA	"control"	"SW"	"30"	"a"	"2"	NA	NA	NA	124	16	125.6	45.4	1.5	NA	NA	88
"1"	NA	"control"	"SW"	"90"	"a"	"1"	NA	NA	NA	122	18	129.3	43.6	1.7	732	3569	75
"1"	NA	"control"	"SW"	"90"	"a"	"2"	NA	NA	NA	184	34	136.6	40.7	1.7	757	3566	126
"8"	NA	"control"	"SW"	"30"	"a"	"1"	NA	NA	NA	103	4	103.9	34.4	1.7	NA	NA	38
"8"	NA	"control"	"SW"	"30"	"a"	"2"	NA	NA	NA	116	9	123.9	25	1.4	NA	NA	32
"8"	NA	"control"	"SW"	"90"	"a"	"1"	NA	NA	NA	139	2	96.4	37	0.5	988	3500	19
"8"	NA	"control"	"SW"	"90"	"a"	"2"	NA	NA	NA	141	6	112.6	30.1	0.4	876	3374	30
"2"	NA	"control"	"SW"	"30"	"a"	"1"	NA	NA	NA	119	6	103.4	34.1	1.4	NA	NA	29
"2"	NA	"control"	"SW"	"30"	"a"	"2"	NA	NA	NA	108	7	107.2	34.5	1.3	NA	NA	20
"2"	NA	"control"	"SW"	"90"	"a"	"2"	NA	NA	NA	132	10	122.8	33.6	2.3	1025	3887	42
"2"	NA	"control"	"SW"	"90"	"a"	"1"	NA	NA	NA	98	12	123.2	31.4	1.8	1071	4005	35
"9"	NA	"control"	"SW"	"30"	"a"	"2"	NA	NA	NA	76	23	134.4	50.2	1.8	NA	NA	40
"9"	NA	"control"	"SW"	"30"	"a"	"1"	NA	NA	NA	145	7	144.2	44.3	2	NA	NA	77
"9"	NA	"control"	"SW"	"90"	"a"	"2"	NA	NA	NA	122	17	147	39.9	2	1014	3583	55
"9"	NA	"control"	"SW"	"90"	"a"	"1"	NA	NA	NA	143	22	155.4	43.9	2.2	973	3265	64
"3"	NA	"control"	"SW"	"30"	"a"	"2"	NA	NA	NA	142	1	68.1	38.8	0.5	NA	NA	23
"3"	NA	"control"	"SW"	"30"	"a"	"1"	NA	NA	NA	119	1	70.6	24.6	0.3	NA	NA	41
"3"	NA	"control"	"SW"	"90"	"a"	"2"	NA	NA	NA	104	1	64.2	32.1	0	1076	4889	37
"3"	NA	"control"	"SW"	"90"	"a"	"1"	NA	NA	NA	104	0	72.5	40.3	1.4	1083	4726	24
"4"	NA	"control"	"SW"	"30"	"a"	"1"	NA	NA	NA	158	13	111.3	44.8	1.4	NA	NA	94
"4"	NA	"control"	"SW"	"30"	"a"	"2"	NA	NA	NA	116	20	134.6	36.4	1.6	NA	NA	65
"4"	NA	"control"	"SW"	"90"	"a"	"2"	NA	NA	NA	115	44	98.8	40.6	1.4	1016	3945	69
"4"	NA	"control"	"SW"	"90"	"a"	"1"	NA	NA	NA	193	10	135.5	36.3	1.8	1118	3999	136
"5"	NA	"control"	"SW"	"30"	"a"	"2"	NA	NA	NA	152	10	113.3	38.6	1.7	NA	NA	88
"5"	NA	"control"	"SW"	"30"	"a"	"1"	NA	NA	NA	122	15	118.8	42.1	1.6	NA	NA	65
"5"	NA	"control"	"SW"	"90"	"a"	"2"	NA	NA	NA	136	33	147.7	30	1.6	535	2687	78
"5"	NA	"control"	"SW"	"90"	"a"	"1"	NA	NA	NA	136	30	154	28.5	1.4	451	2463	81
"6"	"1"	"foreign"	"SF"	"30"	"a"	"2"	3.74	10.72	0.77	140	1	76.4	43.8	1.1	NA	NA	48
"6"	"1"	"foreign"	"SF"	"30"	"a"	"1"	3.74	10.72	0.77	97	0	90.3	42.7	1.1	NA	NA	34
"6"	"1"	"foreign"	"SF"	"90"	"a"	"1"	3.74	10.72	0.77	120	0	71.6	38.6	0.5	664	4097	50
"6"	"1"	"foreign"	"SF"	"90"	"a"	"2"	3.74	10.72	0.77	116	1	84.3	36.2	0.5	599	3513	37
"7"	"1"	"foreign"	"SF"	"30"	"a"	"2"	3.74	10.72	0.77	116	0	67	43.9	0.7	NA	NA	29
"7"	"1"	"foreign"	"SF"	"30"	"a"	"1"	3.74	10.72	0.77	145	0	67.9	42.7	0.5	NA	NA	57
"7"	"1"	"foreign"	"SF"	"90"	"a"	"1"	3.74	10.72	0.77	142	0	49.1	36.3	0.2	962	4341	43
"7"	"1"	"foreign"	"SF"	"90"	"a"	"2"	3.74	10.72	0.77	122	0	52.9	33	0	932	4158	39
"1"	"1"	"own"	"SF"	"30"	"a"	"2"	3.74	10.72	0.77	155	0	66.2	56.3	0.9	NA	NA	63
"1"	"1"	"own"	"SF"	"30"	"a"	"1"	3.74	10.72	0.77	128	0	71.1	55.7	1	NA	NA	58
"1"	"1"	"own"	"SF"	"90"	"a"	"1"	3.74	10.72	0.77	116	0	53.4	39.8	0.9	754	4634	46
"1"	"1"	"own"	"SF"	"90"	"a"	"2"	3.74	10.72	0.77	122	0	56.6	40.5	0.8	736	4532	52
"8"	"1"	"foreign"	"SF"	"30"	"a"	"1"	3.74	10.72	0.77	128	0	56.4	42.3	0.7	NA	NA	24
"8"	"1"	"foreign"	"SF"	"30"	"a"	"2"	3.74	10.72	0.77	138	0	57.3	40.4	0	NA	NA	41
"8"	"1"	"foreign"	"SF"	"90"	"a"	"1"	3.74	10.72	0.77	142	0	63.9	36.4	1	1504	5830	30
"8"	"1"	"foreign"	"SF"	"90"	"a"	"2"	3.74	10.72	0.77	98	0	71.9	37.9	0.4	1331	5894	37
"2"	"1"	"foreign"	"SF"	"30"	"a"	"2"	3.74	10.72	0.77	162	0	65.4	45.4	0.4	NA	NA	26
"2"	"1"	"foreign"	"SF"	"30"	"a"	"1"	3.74	10.72	0.77	107	0	66.2	41.9	1	NA	NA	36
"2"	"1"	"foreign"	"SF"	"90"	"a"	"2"	3.74	10.72	0.77	122	0	60.5	36.3	0.4	1124	5101	26
"2"	"1"	"foreign"	"SF"	"90"	"a"	"1"	3.74	10.72	0.77	130	0	63.7	34.4	0	1242	5493	23
"9"	"1"	"foreign"	"SF"	"30"	"a"	"1"	3.74	10.72	0.77	114	0	82.6	46.3	1.1	NA	NA	31
"9"	"1"	"foreign"	"SF"	"30"	"a"	"2"	3.74	10.72	0.77	88	0	94.6	52.7	1.5	NA	NA	45
"9"	"1"	"foreign"	"SF"	"90"	"a"	"2"	3.74	10.72	0.77	112	0	70.8	43.6	0.7	480	2489	37
"9"	"1"	"foreign"	"SF"	"90"	"a"	"1"	3.74	10.72	0.77	102	0	82.4	45.1	1.1	467	2174	35
"3"	"1"	"foreign"	"SF"	"30"	"a"	"1"	3.74	10.72	0.77	107	0	51.7	32.7	0	NA	NA	18
"3"	"1"	"foreign"	"SF"	"30"	"a"	"2"	3.74	10.72	0.77	148	0	58.3	40	0.3	NA	NA	35
"3"	"1"	"foreign"	"SF"	"90"	"a"	"1"	3.74	10.72	0.77	130	0	50	42.5	0.4	1578	6654	24
"3"	"1"	"foreign"	"SF"	"90"	"a"	"2"	3.74	10.72	0.77	107	0	52.7	41	0.5	1220	5793	30
"4"	"1"	"foreign"	"SF"	"30"	"a"	"2"	3.74	10.72	0.77	192	0	68.9	53.3	0.9	NA	NA	109
"4"	"1"	"foreign"	"SF"	"30"	"a"	"1"	3.74	10.72	0.77	120	0	73.7	56	1	NA	NA	63
"4"	"1"	"foreign"	"SF"	"90"	"a"	"2"	3.74	10.72	0.77	158	0	61.8	39.7	0.5	1121	4732	82
"4"	"1"	"foreign"	"SF"	"90"	"a"	"1"	3.74	10.72	0.77	123	0	65.3	42.6	0.9	1005	4957	58
"5"	"1"	"foreign"	"SF"	"30"	"a"	"2"	3.74	10.72	0.77	106	1	72.2	52.8	1	NA	NA	52
"5"	"1"	"foreign"	"SF"	"30"	"a"	"1"	3.74	10.72	0.77	158	0	77.4	49.9	1.1	NA	NA	76
"5"	"1"	"foreign"	"SF"	"90"	"a"	"2"	3.74	10.72	0.77	111	0	73.1	46.9	1.1	637	4043	40
"5"	"1"	"foreign"	"SF"	"90"	"a"	"1"	3.74	10.72	0.77	96	0	75.9	44.8	0.7	680	4320	36
"5"	"2"	"foreign"	"SF"	"30"	"a"	"2"	3.76	9.24	1.52	149	2	87.1	47.6	0.9	NA	NA	76
"5"	"2"	"foreign"	"SF"	"30"	"a"	"1"	3.76	9.24	1.52	119	1	99.8	46.8	1	NA	NA	45
"5"	"2"	"foreign"	"SF"	"90"	"a"	"1"	3.76	9.24	1.52	135	0	73.9	42.3	0.6	376	1780	50
"5"	"2"	"foreign"	"SF"	"90"	"a"	"2"	3.76	9.24	1.52	112	0	77.4	45.8	0.8	428	1729	57
"7"	"2"	"foreign"	"SF"	"30"	"a"	"2"	3.76	9.24	1.52	115	0	66.6	37.3	0	NA	NA	32
"7"	"2"	"foreign"	"SF"	"30"	"a"	"1"	3.76	9.24	1.52	146	0	70.4	40.4	0.8	NA	NA	69
"7"	"2"	"foreign"	"SF"	"90"	"a"	"1"	3.76	9.24	1.52	143	0	44.1	35.1	0.3	1020	3613	30
"7"	"2"	"foreign"	"SF"	"90"	"a"	"2"	3.76	9.24	1.52	113	0	49.3	33.6	0	841	2794	24
"1"	"2"	"foreign"	"SF"	"30"	"a"	"2"	3.76	9.24	1.52	117	0	72.6	54.4	1	NA	NA	61
"1"	"2"	"foreign"	"SF"	"30"	"a"	"1"	3.76	9.24	1.52	159	1	78.3	47.8	1.1	NA	NA	79
"1"	"2"	"foreign"	"SF"	"90"	"a"	"2"	3.76	9.24	1.52	124	0	55.6	44.2	0.9	752	3716	48
"1"	"2"	"foreign"	"SF"	"90"	"a"	"1"	3.76	9.24	1.52	139	0	60.4	48.6	0.9	844	3775	49
"8"	"2"	"foreign"	"SF"	"30"	"a"	"1"	3.76	9.24	1.52	122	1	70	37.6	1.4	NA	NA	46
"8"	"2"	"foreign"	"SF"	"30"	"a"	"2"	3.76	9.24	1.52	132	1	74.6	41.6	0.9	NA	NA	55
"8"	"2"	"foreign"	"SF"	"90"	"a"	"2"	3.76	9.24	1.52	86	0	48.9	34.3	0	1127	4332	15
"8"	"2"	"foreign"	"SF"	"90"	"a"	"1"	3.76	9.24	1.52	141	0	60.4	35.5	0.3	1320	4412	30
"2"	"2"	"own"	"SF"	"30"	"a"	"1"	3.76	9.24	1.52	129	0	75.7	40.4	0	NA	NA	29
"2"	"2"	"own"	"SF"	"30"	"a"	"2"	3.76	9.24	1.52	114	1	77.4	48.1	1.2	NA	NA	34
"2"	"2"	"own"	"SF"	"90"	"a"	"2"	3.76	9.24	1.52	166	0	55.8	35.1	0	1003	3788	27
"2"	"2"	"own"	"SF"	"90"	"a"	"1"	3.76	9.24	1.52	109	0	57.2	31.8	0	931	3381	25
"9"	"2"	"foreign"	"SF"	"30"	"a"	"1"	3.76	9.24	1.52	143	3	99.2	53.5	1.3	NA	NA	61
"9"	"2"	"foreign"	"SF"	"30"	"a"	"2"	3.76	9.24	1.52	126	1	101.7	55.1	1.4	NA	NA	58
"9"	"2"	"foreign"	"SF"	"90"	"a"	"2"	3.76	9.24	1.52	156	0	69.5	40.9	1.1	1199	3990	48
"9"	"2"	"foreign"	"SF"	"90"	"a"	"1"	3.76	9.24	1.52	105	0	73.6	41.9	1.2	1065	3743	40
"3"	"2"	"foreign"	"SF"	"30"	"a"	"1"	3.76	9.24	1.52	125	0	50.1	42.5	0.8	NA	NA	34
"3"	"2"	"foreign"	"SF"	"30"	"a"	"2"	3.76	9.24	1.52	149	0	55	46	0.6	NA	NA	41
"3"	"2"	"foreign"	"SF"	"90"	"a"	"2"	3.76	9.24	1.52	164	0	51.7	38.2	0.3	1313	4898	42
"3"	"2"	"foreign"	"SF"	"90"	"a"	"1"	3.76	9.24	1.52	103	0	59.3	39.2	0	1097	4560	17
"4"	"2"	"foreign"	"SF"	"30"	"a"	"2"	3.76	9.24	1.52	133	0	68	47.9	1	NA	NA	59
"4"	"2"	"foreign"	"SF"	"30"	"a"	"1"	3.76	9.24	1.52	143	0	75.9	52.2	1	NA	NA	77
"4"	"2"	"foreign"	"SF"	"90"	"a"	"2"	3.76	9.24	1.52	201	0	64.3	39	0.9	1049	3843	79
"4"	"2"	"foreign"	"SF"	"90"	"a"	"1"	3.76	9.24	1.52	131	0	68.5	38.7	0.9	1243	4393	52
"6"	"2"	"foreign"	"SF"	"30"	"a"	"1"	3.76	9.24	1.52	148	3	83.5	38	1.3	NA	NA	64
"6"	"2"	"foreign"	"SF"	"30"	"a"	"2"	3.76	9.24	1.52	109	3	101.3	39.1	1.2	NA	NA	37
"6"	"2"	"foreign"	"SF"	"90"	"a"	"1"	3.76	9.24	1.52	121	1	62.5	33.5	0	786	4606	45
"6"	"2"	"foreign"	"SF"	"90"	"a"	"2"	3.76	9.24	1.52	100	1	77.9	37.4	1.2	781	4316	35
"5"	"3"	"foreign"	"SF"	"30"	"a"	"1"	2.97	16.84	1.73	140	10	103.7	44.7	1.2	NA	NA	77
"5"	"3"	"foreign"	"SF"	"30"	"a"	"2"	2.97	16.84	1.73	91	4	105.7	50.8	1.3	NA	NA	57
"5"	"3"	"foreign"	"SF"	"90"	"a"	"2"	2.97	16.84	1.73	160	4	87	46.4	1.2	653	4950	65
"5"	"3"	"foreign"	"SF"	"90"	"a"	"1"	2.97	16.84	1.73	114	1	87.3	43.2	1.3	689	5054	43
"7"	"3"	"foreign"	"SF"	"30"	"a"	"2"	2.97	16.84	1.73	115	0	66.6	37.3	0	NA	NA	32
"7"	"3"	"foreign"	"SF"	"30"	"a"	"1"	2.97	16.84	1.73	147	0	70.4	40.4	0.8	NA	NA	69
"7"	"3"	"foreign"	"SF"	"90"	"a"	"1"	2.97	16.84	1.73	131	0	58.7	38.8	0	1043	4563	41
"7"	"3"	"foreign"	"SF"	"90"	"a"	"2"	2.97	16.84	1.73	93	0	61.3	38.1	0.7	834	4119	28
"1"	"3"	"foreign"	"SF"	"30"	"a"	"2"	2.97	16.84	1.73	107	2	83.2	57.1	1.1	NA	NA	55
"1"	"3"	"foreign"	"SF"	"30"	"a"	"1"	2.97	16.84	1.73	141	0	84.3	58.7	1.1	NA	NA	76
"1"	"3"	"foreign"	"SF"	"90"	"a"	"2"	2.97	16.84	1.73	117	0	60.4	50.2	1	677	4644	42
"1"	"3"	"foreign"	"SF"	"90"	"a"	"1"	2.97	16.84	1.73	145	0	65.2	42.9	1	727	4795	54
"8"	"3"	"foreign"	"SF"	"30"	"a"	"1"	2.97	16.84	1.73	145	1	74.8	39.7	0.7	NA	NA	45
"8"	"3"	"foreign"	"SF"	"30"	"a"	"2"	2.97	16.84	1.73	92	0	81.6	41.6	0.4	NA	NA	28
"8"	"3"	"foreign"	"SF"	"90"	"a"	"2"	2.97	16.84	1.73	97	0	50.8	25.3	0	1336	5673	15
"8"	"3"	"foreign"	"SF"	"90"	"a"	"1"	2.97	16.84	1.73	98	0	56.3	32.4	0.7	1324	5634	8
"2"	"3"	"foreign"	"SF"	"30"	"a"	"2"	2.97	16.84	1.73	147	0	62.5	36.4	0.3	NA	NA	16
"2"	"3"	"foreign"	"SF"	"30"	"a"	"1"	2.97	16.84	1.73	108	0	82.9	36.4	1	NA	NA	19
"2"	"3"	"foreign"	"SF"	"90"	"a"	"1"	2.97	16.84	1.73	106	0	59.9	35.8	0.3	1084	4090	24
"2"	"3"	"foreign"	"SF"	"90"	"a"	"2"	2.97	16.84	1.73	115	0	81.9	40.3	0.4	1222	4314	24
"9"	"3"	"foreign"	"SF"	"30"	"a"	"1"	2.97	16.84	1.73	147	2	100.4	50.5	1.4	NA	NA	53
"9"	"3"	"foreign"	"SF"	"30"	"a"	"2"	2.97	16.84	1.73	83	1	100.8	49.4	1.3	NA	NA	30
"9"	"3"	"foreign"	"SF"	"90"	"a"	"2"	2.97	16.84	1.73	138	0	81.6	44.2	1.4	1132	4741	44
"9"	"3"	"foreign"	"SF"	"90"	"a"	"1"	2.97	16.84	1.73	75	0	83.3	42.3	1.2	876	3863	21
"3"	"3"	"own"	"SF"	"30"	"a"	"1"	2.97	16.84	1.73	109	0	47.3	34.2	0	NA	NA	29
"3"	"3"	"own"	"SF"	"30"	"a"	"2"	2.97	16.84	1.73	137	0	51.5	34.9	0.4	NA	NA	42
"3"	"3"	"own"	"SF"	"90"	"a"	"2"	2.97	16.84	1.73	107	0	46.2	37.4	0.6	1473	6283	30
"3"	"3"	"own"	"SF"	"90"	"a"	"1"	2.97	16.84	1.73	133	0	49	38.4	0.7	1411	6236	36
"4"	"3"	"foreign"	"SF"	"30"	"a"	"2"	2.97	16.84	1.73	100	1	73.1	49	1.1	NA	NA	51
"4"	"3"	"foreign"	"SF"	"30"	"a"	"1"	2.97	16.84	1.73	172	0	82.4	51.3	1.1	NA	NA	102
"4"	"3"	"foreign"	"SF"	"90"	"a"	"2"	2.97	16.84	1.73	126	1	71.2	44.9	1	830	3969	45
"4"	"3"	"foreign"	"SF"	"90"	"a"	"1"	2.97	16.84	1.73	140	0	74.2	40.2	1	970	4306	72
"6"	"3"	"foreign"	"SF"	"30"	"a"	"2"	2.97	16.84	1.73	75	1	81.5	43	1.6	NA	NA	31
"6"	"3"	"foreign"	"SF"	"30"	"a"	"1"	2.97	16.84	1.73	156	0	88.3	40.1	1.2	NA	NA	77
"6"	"3"	"foreign"	"SF"	"90"	"a"	"1"	2.97	16.84	1.73	74	0	74.3	40.1	0.5	697	4454	27
"6"	"3"	"foreign"	"SF"	"90"	"a"	"2"	2.97	16.84	1.73	173	1	75.1	36.9	1	708	4109	74
"5"	"4"	"foreign"	"SF"	"30"	"a"	"1"	2.87	18.26	2.06	NA	NA	NA	NA	NA	NA	NA	NA
"5"	"4"	"foreign"	"SF"	"30"	"a"	"2"	2.87	18.26	2.06	NA	NA	NA	NA	NA	NA	NA	NA
"5"	"4"	"foreign"	"SF"	"90"	"a"	"2"	2.87	18.26	2.06	NA	NA	NA	NA	NA	555	4143	NA
"5"	"4"	"foreign"	"SF"	"90"	"a"	"1"	2.87	18.26	2.06	NA	NA	NA	NA	NA	557	4119	NA
"6"	"4"	"foreign"	"SF"	"30"	"a"	"2"	2.87	18.26	2.06	111	4	99.5	41.4	1.3	NA	NA	43
"6"	"4"	"foreign"	"SF"	"30"	"a"	"1"	2.87	18.26	2.06	135	0	102.5	39.2	1.5	NA	NA	61
"6"	"4"	"foreign"	"SF"	"90"	"a"	"2"	2.87	18.26	2.06	117	1	83.7	40.4	1.4	917	5433	60
"6"	"4"	"foreign"	"SF"	"90"	"a"	"1"	2.87	18.26	2.06	102	0	87.2	40.3	1.3	838	5649	53
"1"	"4"	"foreign"	"SF"	"30"	"a"	"2"	2.87	18.26	2.06	112	4	79	52.1	1.1	NA	NA	64
"1"	"4"	"foreign"	"SF"	"30"	"a"	"1"	2.87	18.26	2.06	150	0	91	51.7	1.2	NA	NA	77
"1"	"4"	"foreign"	"SF"	"90"	"a"	"2"	2.87	18.26	2.06	107	1	69.4	52.4	1	851	4963	49
"1"	"4"	"foreign"	"SF"	"90"	"a"	"1"	2.87	18.26	2.06	112	0	74.2	44.1	1.1	799	5149	64
"8"	"4"	"foreign"	"SF"	"30"	"a"	"1"	2.87	18.26	2.06	135	2	77.9	37.2	1	NA	NA	33
"8"	"4"	"foreign"	"SF"	"30"	"a"	"2"	2.87	18.26	2.06	91	6	112.1	36.3	1.7	NA	NA	29
"8"	"4"	"foreign"	"SF"	"90"	"a"	"1"	2.87	18.26	2.06	84	0	54.6	33.8	0	1183	5218	12
"8"	"4"	"foreign"	"SF"	"90"	"a"	"2"	2.87	18.26	2.06	93	0	75.7	40.2	0.6	1288	5622	15
"2"	"4"	"foreign"	"SF"	"30"	"a"	"2"	2.87	18.26	2.06	126	1	77.5	33.7	0.9	NA	NA	23
"2"	"4"	"foreign"	"SF"	"30"	"a"	"1"	2.87	18.26	2.06	93	0	90.5	36.8	1.1	NA	NA	18
"2"	"4"	"foreign"	"SF"	"90"	"a"	"1"	2.87	18.26	2.06	130	1	64.9	29.4	0	1304	6211	29
"2"	"4"	"foreign"	"SF"	"90"	"a"	"2"	2.87	18.26	2.06	91	0	66.9	35.9	0	1185	5381	12
"9"	"4"	"foreign"	"SF"	"30"	"a"	"1"	2.87	18.26	2.06	80	4	96.3	41.3	1.4	NA	NA	31
"9"	"4"	"foreign"	"SF"	"30"	"a"	"2"	2.87	18.26	2.06	122	5	100.6	43	1.8	NA	NA	44
"9"	"4"	"foreign"	"SF"	"90"	"a"	"2"	2.87	18.26	2.06	115	1	88.3	36.1	1.4	1097	5234	17
"9"	"4"	"foreign"	"SF"	"90"	"a"	"1"	2.87	18.26	2.06	87	1	90	43.5	1.4	1034	4910	27
"3"	"4"	"foreign"	"SF"	"30"	"a"	"2"	2.87	18.26	2.06	136	0	61.7	35.9	1	NA	NA	35
"3"	"4"	"foreign"	"SF"	"30"	"a"	"1"	2.87	18.26	2.06	109	0	67.2	31	0.4	NA	NA	32
"3"	"4"	"foreign"	"SF"	"90"	"a"	"1"	2.87	18.26	2.06	129	0	53.9	34.5	0.7	1451	6291	31
"3"	"4"	"foreign"	"SF"	"90"	"a"	"2"	2.87	18.26	2.06	78	0	55.4	36.2	0	1567	6426	14
"4"	"4"	"own"	"SF"	"30"	"a"	"2"	2.87	18.26	2.06	123	5	73.7	44.8	1.1	NA	NA	59
"4"	"4"	"own"	"SF"	"30"	"a"	"1"	2.87	18.26	2.06	158	1	90.6	40.7	1.3	NA	NA	80
"4"	"4"	"own"	"SF"	"90"	"a"	"1"	2.87	18.26	2.06	120	0	68.4	38.5	1.3	996	5932	55
"4"	"4"	"own"	"SF"	"90"	"a"	"2"	2.87	18.26	2.06	103	0	73.3	45.8	1.2	1246	6246	46
"7"	"4"	"foreign"	"SF"	"30"	"a"	"2"	2.87	18.26	2.06	137	3	91	39.8	0.5	NA	NA	40
"7"	"4"	"foreign"	"SF"	"30"	"a"	"1"	2.87	18.26	2.06	130	4	99.7	38.7	0.9	NA	NA	44
"7"	"4"	"foreign"	"SF"	"90"	"a"	"2"	2.87	18.26	2.06	120	0	56.4	31.8	0	996	4454	30
"7"	"4"	"foreign"	"SF"	"90"	"a"	"1"	2.87	18.26	2.06	87	0	57	37.7	0	982	4647	22
"5"	"5"	"own"	"SF"	"30"	"a"	"1"	3.34	12.18	1.87	NA	NA	NA	NA	NA	NA	NA	NA
"5"	"5"	"own"	"SF"	"30"	"a"	"2"	3.34	12.18	1.87	NA	NA	NA	NA	NA	NA	NA	NA
"5"	"5"	"own"	"SF"	"90"	"a"	"2"	3.34	12.18	1.87	109	3	83.1	46	1.1	662	3706	49
"5"	"5"	"own"	"SF"	"90"	"a"	"1"	3.34	12.18	1.87	116	1	87.4	48.5	1.3	619	3698	48
"6"	"5"	"foreign"	"SF"	"30"	"a"	"1"	3.34	12.18	1.87	118	0	86.4	38.9	0.8	NA	NA	38
"6"	"5"	"foreign"	"SF"	"30"	"a"	"2"	3.34	12.18	1.87	118	1	89.6	34.8	1.1	NA	NA	51
"6"	"5"	"foreign"	"SF"	"90"	"a"	"2"	3.34	12.18	1.87	155	0	72.3	37.5	0.5	799	4425	55
"6"	"5"	"foreign"	"SF"	"90"	"a"	"1"	3.34	12.18	1.87	89	0	73.5	35.9	1.3	876	5067	32
"1"	"5"	"foreign"	"SF"	"30"	"a"	"2"	3.34	12.18	1.87	131	1	77.3	58.8	1	NA	NA	72
"1"	"5"	"foreign"	"SF"	"30"	"a"	"1"	3.34	12.18	1.87	137	1	80.7	51.4	1.1	NA	NA	78
"1"	"5"	"foreign"	"SF"	"90"	"a"	"2"	3.34	12.18	1.87	82	0	65.9	46.1	1	708	3396	33
"1"	"5"	"foreign"	"SF"	"90"	"a"	"1"	3.34	12.18	1.87	119	0	66.9	43.6	1.1	598	3256	54
"8"	"5"	"foreign"	"SF"	"30"	"a"	"1"	3.34	12.18	1.87	84	0	71.6	43.7	1.3	NA	NA	17
"8"	"5"	"foreign"	"SF"	"30"	"a"	"2"	3.34	12.18	1.87	127	1	77.9	34.6	0	NA	NA	30
"8"	"5"	"foreign"	"SF"	"90"	"a"	"1"	3.34	12.18	1.87	102	0	58.8	35.1	0	1167	5184	15
"8"	"5"	"foreign"	"SF"	"90"	"a"	"2"	3.34	12.18	1.87	91	0	83.9	35.4	0	1197	5181	19
"2"	"5"	"foreign"	"SF"	"30"	"a"	"1"	3.34	12.18	1.87	137	2	66.3	33.5	0.6	NA	NA	40
"2"	"5"	"foreign"	"SF"	"30"	"a"	"2"	3.34	12.18	1.87	134	1	68.9	33.5	0	NA	NA	21
"2"	"5"	"foreign"	"SF"	"90"	"a"	"1"	3.34	12.18	1.87	97	0	62.7	33.3	0	1047	4408	16
"2"	"5"	"foreign"	"SF"	"90"	"a"	"2"	3.34	12.18	1.87	112	0	70.8	33	0.2	890	3566	12
"9"	"5"	"foreign"	"SF"	"30"	"a"	"1"	3.34	12.18	1.87	88	0	94.1	48.9	1.5	NA	NA	16
"9"	"5"	"foreign"	"SF"	"30"	"a"	"2"	3.34	12.18	1.87	122	6	105.2	46	1.7	NA	NA	47
"9"	"5"	"foreign"	"SF"	"90"	"a"	"2"	3.34	12.18	1.87	133	0	65.6	36.9	0.4	1041	4584	41
"9"	"5"	"foreign"	"SF"	"90"	"a"	"1"	3.34	12.18	1.87	97	0	74	36.3	1.6	1110	4665	30
"3"	"5"	"foreign"	"SF"	"30"	"a"	"1"	3.34	12.18	1.87	106	0	46.4	40.4	0.8	NA	NA	29
"3"	"5"	"foreign"	"SF"	"30"	"a"	"2"	3.34	12.18	1.87	134	0	57.4	43.6	1.1	NA	NA	23
"3"	"5"	"foreign"	"SF"	"90"	"a"	"1"	3.34	12.18	1.87	111	0	45	29	0	1528	5851	26
"3"	"5"	"foreign"	"SF"	"90"	"a"	"2"	3.34	12.18	1.87	137	0	52.1	34.6	0	1310	5688	32
"4"	"5"	"foreign"	"SF"	"30"	"a"	"2"	3.34	12.18	1.87	102	0	65.7	47.2	1	NA	NA	44
"4"	"5"	"foreign"	"SF"	"30"	"a"	"1"	3.34	12.18	1.87	161	1	72.7	44.2	1.1	NA	NA	85
"4"	"5"	"foreign"	"SF"	"90"	"a"	"2"	3.34	12.18	1.87	82	0	67.2	38	0	1139	4804	37
"4"	"5"	"foreign"	"SF"	"90"	"a"	"1"	3.34	12.18	1.87	166	0	70.6	39	0.4	1023	4566	66
"7"	"5"	"foreign"	"SF"	"30"	"a"	"1"	3.34	12.18	1.87	117	0	75.8	42	0.3	NA	NA	37
"7"	"5"	"foreign"	"SF"	"30"	"a"	"2"	3.34	12.18	1.87	146	0	87.2	40.1	0.7	NA	NA	33
"7"	"5"	"foreign"	"SF"	"90"	"a"	"2"	3.34	12.18	1.87	72	1	56	37	0	963	3829	15
"7"	"5"	"foreign"	"SF"	"90"	"a"	"1"	3.34	12.18	1.87	131	0	70.3	32.6	0	1131	4284	36
"5"	"6"	"foreign"	"SF"	"30"	"a"	"1"	4.48	14.18	3.5	NA	NA	NA	NA	NA	NA	NA	NA
"5"	"6"	"foreign"	"SF"	"30"	"a"	"2"	4.48	14.18	3.5	NA	NA	NA	NA	NA	NA	NA	NA
"5"	"6"	"foreign"	"SF"	"90"	"a"	"1"	4.48	14.18	3.5	114	3	91.4	46.8	1.4	633	3270	55
"5"	"6"	"foreign"	"SF"	"90"	"a"	"2"	4.48	14.18	3.5	108	2	95.2	47.7	1.4	639	3876	52
"6"	"6"	"own"	"SF"	"30"	"a"	"2"	4.48	14.18	3.5	155	8	101.7	35.5	1.4	NA	NA	73
"6"	"6"	"own"	"SF"	"30"	"a"	"1"	4.48	14.18	3.5	95	10	104.3	35.7	1.6	NA	NA	45
"6"	"6"	"own"	"SF"	"90"	"a"	"2"	4.48	14.18	3.5	111	3	92.3	34.9	1.1	767	4589	51
"6"	"6"	"own"	"SF"	"90"	"a"	"1"	4.48	14.18	3.5	112	2	103.3	31.6	0.7	781	4602	46
"7"	"6"	"foreign"	"SF"	"30"	"a"	"1"	4.48	14.18	3.5	130	2	84.2	39.5	1.1	NA	NA	49
"7"	"6"	"foreign"	"SF"	"30"	"a"	"2"	4.48	14.18	3.5	80	0	87.9	39.2	0.7	NA	NA	23
"7"	"6"	"foreign"	"SF"	"90"	"a"	"2"	4.48	14.18	3.5	100	0	55.6	39.9	0.3	1070	3564	26
"7"	"6"	"foreign"	"SF"	"90"	"a"	"1"	4.48	14.18	3.5	130	0	60.2	32.9	0	984	3955	35
"8"	"6"	"foreign"	"SF"	"30"	"a"	"1"	4.48	14.18	3.5	94	2	79.7	31.9	1	NA	NA	22
"8"	"6"	"foreign"	"SF"	"30"	"a"	"2"	4.48	14.18	3.5	125	5	94.9	35.7	0.9	NA	NA	39
"8"	"6"	"foreign"	"SF"	"90"	"a"	"1"	4.48	14.18	3.5	91	0	55.5	29.1	0	1105	5055	11
"8"	"6"	"foreign"	"SF"	"90"	"a"	"2"	4.48	14.18	3.5	109	1	72.7	36.7	0.8	1212	5462	24
"2"	"6"	"foreign"	"SF"	"30"	"a"	"1"	4.48	14.18	3.5	149	0	82.2	36	1.5	NA	NA	29
"2"	"6"	"foreign"	"SF"	"30"	"a"	"2"	4.48	14.18	3.5	132	2	88.1	37.9	1.4	NA	NA	24
"2"	"6"	"foreign"	"SF"	"90"	"a"	"2"	4.48	14.18	3.5	142	0	57	35.7	0.5	978	3822	23
"2"	"6"	"foreign"	"SF"	"90"	"a"	"1"	4.48	14.18	3.5	99	0	61.2	30.4	0	896	3876	20
"9"	"6"	"foreign"	"SF"	"30"	"a"	"1"	4.48	14.18	3.5	118	4	107.5	47.1	1.8	NA	NA	54
"9"	"6"	"foreign"	"SF"	"30"	"a"	"2"	4.48	14.18	3.5	70	3	111.3	47.2	1.9	NA	NA	34
"9"	"6"	"foreign"	"SF"	"90"	"a"	"1"	4.48	14.18	3.5	118	0	84	38.4	0.4	1166	4444	15
"9"	"6"	"foreign"	"SF"	"90"	"a"	"2"	4.48	14.18	3.5	101	1	93.2	40.6	1.5	1265	4480	24
"3"	"6"	"foreign"	"SF"	"30"	"a"	"1"	4.48	14.18	3.5	144	1	53.3	32.3	1.4	NA	NA	38
"3"	"6"	"foreign"	"SF"	"30"	"a"	"2"	4.48	14.18	3.5	79	0	59.7	41.4	0.5	NA	NA	17
"3"	"6"	"foreign"	"SF"	"90"	"a"	"1"	4.48	14.18	3.5	130	0	47.7	39.5	0.5	1600	5785	20
"3"	"6"	"foreign"	"SF"	"90"	"a"	"2"	4.48	14.18	3.5	97	0	49.1	38.8	0	1245	5243	18
"4"	"6"	"foreign"	"SF"	"30"	"a"	"2"	4.48	14.18	3.5	107	9	91.7	43.4	1.4	NA	NA	52
"4"	"6"	"foreign"	"SF"	"30"	"a"	"1"	4.48	14.18	3.5	159	4	94.6	42.6	1.3	NA	NA	96
"4"	"6"	"foreign"	"SF"	"90"	"a"	"1"	4.48	14.18	3.5	132	4	92.8	47.4	1.5	1079	4544	69
"4"	"6"	"foreign"	"SF"	"90"	"a"	"2"	4.48	14.18	3.5	127	3	99.7	41.1	1.2	1303	5237	58
"1"	"6"	"foreign"	"SF"	"30"	"a"	"1"	4.48	14.18	3.5	123	1	69	33.5	0.3	NA	NA	31
"1"	"6"	"foreign"	"SF"	"30"	"a"	"2"	4.48	14.18	3.5	95	0	69.2	22.9	0	NA	NA	11
"1"	"6"	"foreign"	"SF"	"90"	"a"	"1"	4.48	14.18	3.5	162	0	10.9	21.7	0	958	3331	2
"1"	"6"	"foreign"	"SF"	"90"	"a"	"2"	4.48	14.18	3.5	112	0	20.8	15.3	0	1088	3451	1
"5"	"7"	"foreign"	"SF"	"30"	"a"	"1"	9.19	12	2.99	NA	NA	NA	NA	NA	NA	NA	NA
"5"	"7"	"foreign"	"SF"	"30"	"a"	"2"	9.19	12	2.99	NA	NA	NA	NA	NA	NA	NA	NA
"5"	"7"	"foreign"	"SF"	"90"	"a"	"1"	9.19	12	2.99	133	2	85.4	45.1	1.3	667	2802	58
"5"	"7"	"foreign"	"SF"	"90"	"a"	"2"	9.19	12	2.99	111	2	94.5	47.1	1.3	745	3162	47
"6"	"7"	"foreign"	"SF"	"30"	"a"	"2"	9.19	12	2.99	164	4	92.9	34.4	1.3	NA	NA	66
"6"	"7"	"foreign"	"SF"	"30"	"a"	"1"	9.19	12	2.99	113	4	94.5	33.2	0	NA	NA	46
"6"	"7"	"foreign"	"SF"	"90"	"a"	"2"	9.19	12	2.99	179	0	87.7	36.6	0.5	1079	4704	71
"6"	"7"	"foreign"	"SF"	"90"	"a"	"1"	9.19	12	2.99	105	1	93.4	36.1	0	796	4422	38
"7"	"7"	"own"	"SF"	"30"	"a"	"2"	9.19	12	2.99	114	1	76.9	38.3	0.3	NA	NA	41
"7"	"7"	"own"	"SF"	"30"	"a"	"1"	9.19	12	2.99	151	0	86.4	37.3	0.5	NA	NA	45
"7"	"7"	"own"	"SF"	"90"	"a"	"1"	9.19	12	2.99	137	0	60.5	33.9	0	1060	3448	44
"7"	"7"	"own"	"SF"	"90"	"a"	"2"	9.19	12	2.99	141	0	63.9	31.2	0	952	2921	26
"8"	"7"	"foreign"	"SF"	"30"	"a"	"1"	9.19	12	2.99	129	0	81.4	42.4	1.5	NA	NA	35
"8"	"7"	"foreign"	"SF"	"30"	"a"	"2"	9.19	12	2.99	111	2	89	37.8	0.6	NA	NA	30
"8"	"7"	"foreign"	"SF"	"90"	"a"	"2"	9.19	12	2.99	141	0	63.9	28.8	0	1274	3994	31
"8"	"7"	"foreign"	"SF"	"90"	"a"	"1"	9.19	12	2.99	97	0	66.8	36.3	0.5	1262	4619	23
"2"	"7"	"foreign"	"SF"	"30"	"a"	"1"	9.19	12	2.99	150	0	74.1	37.8	0	NA	NA	28
"2"	"7"	"foreign"	"SF"	"30"	"a"	"2"	9.19	12	2.99	139	0	93.2	38.7	0.6	NA	NA	20
"2"	"7"	"foreign"	"SF"	"90"	"a"	"1"	9.19	12	2.99	143	0	62.1	30.7	0	1221	4466	17
"2"	"7"	"foreign"	"SF"	"90"	"a"	"2"	9.19	12	2.99	87	0	71.3	37.5	0	1660	4987	14
"9"	"7"	"foreign"	"SF"	"30"	"a"	"1"	9.19	12	2.99	NA	NA	NA	NA	NA	NA	NA	NA
"9"	"7"	"foreign"	"SF"	"30"	"a"	"2"	9.19	12	2.99	NA	NA	NA	NA	NA	NA	NA	NA
"9"	"7"	"foreign"	"SF"	"90"	"a"	"2"	9.19	12	2.99	153	0	78.4	38.2	0.7	1082	4088	32
"9"	"7"	"foreign"	"SF"	"90"	"a"	"1"	9.19	12	2.99	101	0	79.3	38	1.3	1083	4340	32
"3"	"7"	"foreign"	"SF"	"30"	"a"	"1"	9.19	12	2.99	132	0	48.5	42	1.1	NA	NA	20
"3"	"7"	"foreign"	"SF"	"30"	"a"	"2"	9.19	12	2.99	136	0	62.4	41.8	1.4	NA	NA	38
"3"	"7"	"foreign"	"SF"	"90"	"a"	"1"	9.19	12	2.99	149	0	38	34.5	0	1371	4949	26
"3"	"7"	"foreign"	"SF"	"90"	"a"	"2"	9.19	12	2.99	114	0	44.8	34.4	0	1465	4892	27
"4"	"7"	"foreign"	"SF"	"30"	"a"	"2"	9.19	12	2.99	132	1	83.7	42.9	1.2	NA	NA	55
"4"	"7"	"foreign"	"SF"	"30"	"a"	"1"	9.19	12	2.99	177	2	88.2	50.8	1.2	NA	NA	86
"4"	"7"	"foreign"	"SF"	"90"	"a"	"2"	9.19	12	2.99	157	0	77.8	42	0.7	1184	4303	69
"4"	"7"	"foreign"	"SF"	"90"	"a"	"1"	9.19	12	2.99	128	0	84.7	44	0.9	1168	4525	50
"1"	"7"	"foreign"	"SF"	"30"	"a"	"1"	9.19	12	2.99	164	1	75.3	51	1.1	NA	NA	91
"1"	"7"	"foreign"	"SF"	"30"	"a"	"2"	9.19	12	2.99	115	1	76.9	52.2	1.1	NA	NA	71
"1"	"7"	"foreign"	"SF"	"90"	"a"	"2"	9.19	12	2.99	150	0	54.8	33.1	0.9	816	3791	41
"1"	"7"	"foreign"	"SF"	"90"	"a"	"1"	9.19	12	2.99	124	0	69.3	41.2	1	775	3651	42
"5"	"8"	"foreign"	"SF"	"30"	"a"	"1"	2.38	6.46	1.2	NA	NA	NA	NA	NA	NA	NA	NA
"5"	"8"	"foreign"	"SF"	"30"	"a"	"2"	2.38	6.46	1.2	NA	NA	NA	NA	NA	NA	NA	NA
"5"	"8"	"foreign"	"SF"	"90"	"a"	"1"	2.38	6.46	1.2	103	0	78.2	41.6	1.2	648	3005	51
"5"	"8"	"foreign"	"SF"	"90"	"a"	"2"	2.38	6.46	1.2	142	0	81.1	51.4	1	663	3294	79
"6"	"8"	"foreign"	"SF"	"30"	"a"	"2"	2.38	6.46	1.2	141	0	67.4	43.6	1.2	NA	NA	56
"6"	"8"	"foreign"	"SF"	"30"	"a"	"1"	2.38	6.46	1.2	118	0	79.4	44.1	1.1	NA	NA	44
"6"	"8"	"foreign"	"SF"	"90"	"a"	"2"	2.38	6.46	1.2	133	0	70.2	36.5	1	788	3820	57
"6"	"8"	"foreign"	"SF"	"90"	"a"	"1"	2.38	6.46	1.2	108	0	74.2	35.8	1.1	764	4148	47
"7"	"8"	"foreign"	"SF"	"30"	"a"	"2"	2.38	6.46	1.2	128	0	62.7	34.5	0	NA	NA	28
"7"	"8"	"foreign"	"SF"	"30"	"a"	"1"	2.38	6.46	1.2	136	0	78.1	39.8	0.6	NA	NA	36
"7"	"8"	"foreign"	"SF"	"90"	"a"	"1"	2.38	6.46	1.2	108	0	50.9	36.4	0	959	3416	32
"7"	"8"	"foreign"	"SF"	"90"	"a"	"2"	2.38	6.46	1.2	155	0	56.3	36.9	0.2	1152	3494	34
"1"	"8"	"foreign"	"SF"	"30"	"a"	"2"	2.38	6.46	1.2	116	0	75.4	56.8	1	NA	NA	53
"1"	"8"	"foreign"	"SF"	"30"	"a"	"1"	2.38	6.46	1.2	140	1	76.9	51.6	1.1	NA	NA	68
"1"	"8"	"foreign"	"SF"	"90"	"a"	"1"	2.38	6.46	1.2	136	0	59.5	47.9	0.9	750	3893	74
"1"	"8"	"foreign"	"SF"	"90"	"a"	"2"	2.38	6.46	1.2	125	0	59.8	48.8	0.6	783	4101	49
"2"	"8"	"foreign"	"SF"	"30"	"a"	"1"	2.38	6.46	1.2	134	1	69.5	35.8	0.8	NA	NA	31
"2"	"8"	"foreign"	"SF"	"30"	"a"	"2"	2.38	6.46	1.2	135	0	73.4	36.5	0.4	NA	NA	23
"2"	"8"	"foreign"	"SF"	"90"	"a"	"2"	2.38	6.46	1.2	110	0	51.9	35	0	1198	4040	23
"2"	"8"	"foreign"	"SF"	"90"	"a"	"1"	2.38	6.46	1.2	131	0	56.4	33.8	0	1008	3715	22
"9"	"8"	"foreign"	"SF"	"30"	"a"	"1"	2.38	6.46	1.2	NA	NA	NA	NA	NA	NA	NA	NA
"9"	"8"	"foreign"	"SF"	"30"	"a"	"2"	2.38	6.46	1.2	NA	NA	NA	NA	NA	NA	NA	NA
"9"	"8"	"foreign"	"SF"	"90"	"a"	"2"	2.38	6.46	1.2	118	0	79.8	44.9	1.3	1156	4418	43
"9"	"8"	"foreign"	"SF"	"90"	"a"	"1"	2.38	6.46	1.2	94	0	87.1	44.4	1.4	1133	4098	24
"3"	"8"	"foreign"	"SF"	"30"	"a"	"1"	2.38	6.46	1.2	108	0	54	44.9	0.9	NA	NA	24
"3"	"8"	"foreign"	"SF"	"30"	"a"	"2"	2.38	6.46	1.2	167	0	57.5	34.6	0	NA	NA	42
"3"	"8"	"foreign"	"SF"	"90"	"a"	"1"	2.38	6.46	1.2	NA	NA	NA	NA	NA	1518	5573	NA
"3"	"8"	"foreign"	"SF"	"90"	"a"	"2"	2.38	6.46	1.2	NA	NA	NA	NA	NA	1603	5903	NA
"4"	"8"	"foreign"	"SF"	"30"	"a"	"1"	2.38	6.46	1.2	156	0	71.4	47.8	1.1	NA	NA	81
"4"	"8"	"foreign"	"SF"	"30"	"a"	"2"	2.38	6.46	1.2	132	2	76.6	42.3	1.1	NA	NA	70
"4"	"8"	"foreign"	"SF"	"90"	"a"	"1"	2.38	6.46	1.2	188	0	67.2	44.4	0.7	1117	4587	81
"4"	"8"	"foreign"	"SF"	"90"	"a"	"2"	2.38	6.46	1.2	104	0	71.6	44	1.1	1264	5145	42
"8"	"8"	"own"	"SF"	"30"	"a"	"2"	2.38	6.46	1.2	112	2	57.5	41	1.2	NA	NA	19
"8"	"8"	"own"	"SF"	"30"	"a"	"1"	2.38	6.46	1.2	161	0	86.6	42.7	1.3	NA	NA	27
"8"	"8"	"own"	"SF"	"90"	"a"	"1"	2.38	6.46	1.2	85	0	58.6	33.4	0	1221	4817	26
"8"	"8"	"own"	"SF"	"90"	"a"	"2"	2.38	6.46	1.2	119	0	67.7	40.6	1	1318	4957	26
"5"	"9"	"foreign"	"SF"	"30"	"a"	"1"	2.15	7.26	0.7	NA	NA	NA	NA	NA	NA	NA	NA
"5"	"9"	"foreign"	"SF"	"30"	"a"	"2"	2.15	7.26	0.7	NA	NA	NA	NA	NA	NA	NA	NA
"5"	"9"	"foreign"	"SF"	"90"	"a"	"2"	2.15	7.26	0.7	99	1	72.6	50.4	1	441	2586	40
"5"	"9"	"foreign"	"SF"	"90"	"a"	"1"	2.15	7.26	0.7	101	0	75.4	51.8	1	446	2342	44
"6"	"9"	"foreign"	"SF"	"30"	"a"	"1"	2.15	7.26	0.7	106	0	90.5	43.6	1.1	NA	NA	42
"6"	"9"	"foreign"	"SF"	"30"	"a"	"2"	2.15	7.26	0.7	82	1	95.3	48	1.2	NA	NA	43
"6"	"9"	"foreign"	"SF"	"90"	"a"	"1"	2.15	7.26	0.7	114	0	69.8	49.8	1.1	704	4331	39
"6"	"9"	"foreign"	"SF"	"90"	"a"	"2"	2.15	7.26	0.7	94	0	70.8	42.3	0.6	605	3832	34
"7"	"9"	"foreign"	"SF"	"30"	"a"	"2"	2.15	7.26	0.7	121	0	58.5	43.6	0.4	NA	NA	28
"7"	"9"	"foreign"	"SF"	"30"	"a"	"1"	2.15	7.26	0.7	115	0	68.6	42	1.1	NA	NA	48
"7"	"9"	"foreign"	"SF"	"90"	"a"	"2"	2.15	7.26	0.7	117	0	57.3	36.8	0.3	1053	3867	26
"7"	"9"	"foreign"	"SF"	"90"	"a"	"1"	2.15	7.26	0.7	113	0	61.6	38.7	0	928	3796	27
"1"	"9"	"foreign"	"SF"	"30"	"a"	"2"	2.15	7.26	0.7	65	2	65.8	51.2	1	NA	NA	32
"1"	"9"	"foreign"	"SF"	"30"	"a"	"1"	2.15	7.26	0.7	139	0	84.6	47.9	1.1	NA	NA	71
"1"	"9"	"foreign"	"SF"	"90"	"a"	"2"	2.15	7.26	0.7	106	0	58.3	54.2	0.8	815	4489	41
"1"	"9"	"foreign"	"SF"	"90"	"a"	"1"	2.15	7.26	0.7	95	0	58.4	46.6	0.8	639	3704	29
"2"	"9"	"foreign"	"SF"	"30"	"a"	"2"	2.15	7.26	0.7	132	1	62.2	42	0.8	NA	NA	24
"2"	"9"	"foreign"	"SF"	"30"	"a"	"1"	2.15	7.26	0.7	138	0	76.3	40	0.8	NA	NA	34
"2"	"9"	"foreign"	"SF"	"90"	"a"	"2"	2.15	7.26	0.7	119	0	45.7	35.9	0.2	1238	4140	15
"2"	"9"	"foreign"	"SF"	"90"	"a"	"1"	2.15	7.26	0.7	107	0	53	34.8	0.4	1080	3733	17
"9"	"9"	"own"	"SF"	"30"	"a"	"1"	2.15	7.26	0.7	99	2	86.7	48.4	1.4	NA	NA	43
"9"	"9"	"own"	"SF"	"30"	"a"	"2"	2.15	7.26	0.7	133	0	90.1	55.7	1.2	NA	NA	64
"9"	"9"	"own"	"SF"	"90"	"a"	"2"	2.15	7.26	0.7	78	2	68.4	43	1.2	1095	4665	29
"9"	"9"	"own"	"SF"	"90"	"a"	"1"	2.15	7.26	0.7	86	0	71.6	48.7	1	987	4775	25
"3"	"9"	"foreign"	"SF"	"30"	"a"	"1"	2.15	7.26	0.7	126	0	47.5	37.3	0.4	NA	NA	37
"3"	"9"	"foreign"	"SF"	"30"	"a"	"2"	2.15	7.26	0.7	136	0	48.7	40.6	0.8	NA	NA	33
"3"	"9"	"foreign"	"SF"	"90"	"a"	"2"	2.15	7.26	0.7	123	0	48.2	41.8	0.4	1499	6537	22
"3"	"9"	"foreign"	"SF"	"90"	"a"	"1"	2.15	7.26	0.7	127	0	48.5	44.9	1	1581	6826	23
"4"	"9"	"foreign"	"SF"	"30"	"a"	"1"	2.15	7.26	0.7	127	0	71.7	52.6	0.9	NA	NA	79
"4"	"9"	"foreign"	"SF"	"30"	"a"	"2"	2.15	7.26	0.7	75	1	82.8	58.3	1.1	NA	NA	53
"4"	"9"	"foreign"	"SF"	"90"	"a"	"1"	2.15	7.26	0.7	117	0	56.9	46.4	1	855	3984	47
"4"	"9"	"foreign"	"SF"	"90"	"a"	"2"	2.15	7.26	0.7	106	0	63.7	49.8	0.9	959	4245	51
"8"	"9"	"foreign"	"SF"	"30"	"a"	"1"	2.15	7.26	0.7	110	0	64.8	41.6	1.2	NA	NA	33
"8"	"9"	"foreign"	"SF"	"30"	"a"	"2"	2.15	7.26	0.7	100	0	66.7	42.4	1.2	NA	NA	24
"8"	"9"	"foreign"	"SF"	"90"	"a"	"2"	2.15	7.26	0.7	81	0	68.5	40.2	0	826	3485	4
"8"	"9"	"foreign"	"SF"	"90"	"a"	"1"	2.15	7.26	0.7	128	0	71.2	36.3	0	820	3591	11
"5"	"9"	"foreign"	"SF"	"30"	"b"	"2"	2.15	7.26	0.7	103	4	74.7	55.7	1	NA	NA	47
"5"	"9"	"foreign"	"SF"	"30"	"b"	"1"	2.15	7.26	0.7	123	1	93.5	51.8	1.1	NA	NA	74
"5"	"9"	"foreign"	"SF"	"90"	"b"	"1"	2.15	7.26	0.7	117	0	67.8	46.3	0.5	598	3089	35
"5"	"9"	"foreign"	"SF"	"90"	"b"	"2"	2.15	7.26	0.7	103	1	78.1	44.4	1.2	693	3028	48
"6"	"9"	"foreign"	"SF"	"30"	"b"	"2"	2.15	7.26	0.7	122	1	75.1	43	1	NA	NA	44
"6"	"9"	"foreign"	"SF"	"30"	"b"	"1"	2.15	7.26	0.7	94	0	81.8	39.6	1.2	NA	NA	40
"6"	"9"	"foreign"	"SF"	"90"	"b"	"1"	2.15	7.26	0.7	100	0	72.2	42.7	0.9	770	4260	47
"6"	"9"	"foreign"	"SF"	"90"	"b"	"2"	2.15	7.26	0.7	108	0	72.6	41.7	0.5	773	3931	40
"7"	"9"	"foreign"	"SF"	"30"	"b"	"1"	2.15	7.26	0.7	125	1	60.1	39	0.6	NA	NA	48
"7"	"9"	"foreign"	"SF"	"30"	"b"	"2"	2.15	7.26	0.7	124	0	65.9	35	0.5	NA	NA	40
"7"	"9"	"foreign"	"SF"	"90"	"b"	"2"	2.15	7.26	0.7	103	0	46.5	39.8	0.3	963	3929	24
"7"	"9"	"foreign"	"SF"	"90"	"b"	"1"	2.15	7.26	0.7	131	0	52.6	39.7	0.3	972	3792	31
"1"	"9"	"foreign"	"SF"	"30"	"b"	"1"	2.15	7.26	0.7	134	0	70.5	50.3	0.9	NA	NA	49
"1"	"9"	"foreign"	"SF"	"30"	"b"	"2"	2.15	7.26	0.7	97	0	71.4	50.1	1	NA	NA	33
"1"	"9"	"foreign"	"SF"	"90"	"b"	"1"	2.15	7.26	0.7	98	0	47.1	27.5	0	861	4984	19
"1"	"9"	"foreign"	"SF"	"90"	"b"	"2"	2.15	7.26	0.7	74	0	49	37	0.4	934	4994	13
"8"	"9"	"foreign"	"SF"	"30"	"b"	"2"	2.15	7.26	0.7	119	0	69.3	43	0.8	NA	NA	30
"8"	"9"	"foreign"	"SF"	"30"	"b"	"1"	2.15	7.26	0.7	98	0	77.4	43.1	0.6	NA	NA	20
"8"	"9"	"foreign"	"SF"	"90"	"b"	"2"	2.15	7.26	0.7	122	0	64.3	36.5	0.4	938	4132	24
"8"	"9"	"foreign"	"SF"	"90"	"b"	"1"	2.15	7.26	0.7	105	1	67.7	43.7	1.2	1340	4800	43
"9"	"9"	"own"	"SF"	"30"	"b"	"1"	2.15	7.26	0.7	96	0	82.8	40.6	0.9	NA	NA	32
"9"	"9"	"own"	"SF"	"30"	"b"	"2"	2.15	7.26	0.7	88	0	98.9	54.7	1.3	NA	NA	33
"9"	"9"	"own"	"SF"	"90"	"b"	"2"	2.15	7.26	0.7	100	0	51.7	35.5	0.4	1152	5049	26
"9"	"9"	"own"	"SF"	"90"	"b"	"1"	2.15	7.26	0.7	89	1	69.8	43.4	0.4	1143	5411	24
"3"	"9"	"foreign"	"SF"	"30"	"b"	"1"	2.15	7.26	0.7	113	0	44.9	37.9	0	NA	NA	32
"3"	"9"	"foreign"	"SF"	"30"	"b"	"2"	2.15	7.26	0.7	115	0	51.2	45.4	0.8	NA	NA	27
"3"	"9"	"foreign"	"SF"	"90"	"b"	"2"	2.15	7.26	0.7	134	0	46.5	38.2	0	1436	5763	39
"3"	"9"	"foreign"	"SF"	"90"	"b"	"1"	2.15	7.26	0.7	106	0	54.3	42.7	0.3	1410	5642	18
"4"	"9"	"foreign"	"SF"	"30"	"b"	"2"	2.15	7.26	0.7	125	0	65.2	43.3	1	NA	NA	66
"4"	"9"	"foreign"	"SF"	"30"	"b"	"1"	2.15	7.26	0.7	143	0	70	51.6	1	NA	NA	59
"4"	"9"	"foreign"	"SF"	"90"	"b"	"1"	2.15	7.26	0.7	116	0	60.2	47	0.9	957	3999	56
"4"	"9"	"foreign"	"SF"	"90"	"b"	"2"	2.15	7.26	0.7	174	0	68.1	39.8	0.3	901	3858	74
"2"	"9"	"foreign"	"SF"	"30"	"b"	"2"	2.15	7.26	0.7	126	0	55.7	40.2	0.4	NA	NA	17
"2"	"9"	"foreign"	"SF"	"30"	"b"	"1"	2.15	7.26	0.7	98	0	65.7	36.9	0.5	NA	NA	32
"2"	"9"	"foreign"	"SF"	"90"	"b"	"1"	2.15	7.26	0.7	111	0	54.2	36.9	0	1187	4245	17
"2"	"9"	"foreign"	"SF"	"90"	"b"	"2"	2.15	7.26	0.7	128	0	56.8	42.7	0.3	1155	4124	22
"5"	"8"	"foreign"	"SF"	"30"	"b"	"2"	2.38	6.46	1.2	137	0	78	48.5	1	NA	NA	64
"5"	"8"	"foreign"	"SF"	"30"	"b"	"1"	2.38	6.46	1.2	130	2	86.7	47.2	1.2	NA	NA	59
"5"	"8"	"foreign"	"SF"	"90"	"b"	"1"	2.38	6.46	1.2	102	1	76.6	37.5	0.5	712	3623	33
"5"	"8"	"foreign"	"SF"	"90"	"b"	"2"	2.38	6.46	1.2	103	0	79.9	45.2	0.7	535	3182	33
"6"	"8"	"foreign"	"SF"	"30"	"b"	"2"	2.38	6.46	1.2	91	1	71.9	45.3	0.7	NA	NA	33
"6"	"8"	"foreign"	"SF"	"30"	"b"	"1"	2.38	6.46	1.2	123	0	78.4	38.4	1.1	NA	NA	55
"6"	"8"	"foreign"	"SF"	"90"	"b"	"1"	2.38	6.46	1.2	133	0	71.8	35	0.3	311	1490	52
"6"	"8"	"foreign"	"SF"	"90"	"b"	"2"	2.38	6.46	1.2	111	0	78.1	37.4	1.1	261	1193	39
"7"	"8"	"foreign"	"SF"	"30"	"b"	"2"	2.38	6.46	1.2	119	0	58	40.5	0	NA	NA	31
"7"	"8"	"foreign"	"SF"	"30"	"b"	"1"	2.38	6.46	1.2	122	0	68.2	40.6	0.8	NA	NA	42
"7"	"8"	"foreign"	"SF"	"90"	"b"	"2"	2.38	6.46	1.2	124	0	54.4	34.7	0	1120	3825	22
"7"	"8"	"foreign"	"SF"	"90"	"b"	"1"	2.38	6.46	1.2	147	0	57.3	30.4	0	1122	4028	28
"1"	"8"	"foreign"	"SF"	"30"	"b"	"1"	2.38	6.46	1.2	161	0	77	54.6	1.1	NA	NA	87
"1"	"8"	"foreign"	"SF"	"30"	"b"	"2"	2.38	6.46	1.2	80	0	80.1	52.8	1.1	NA	NA	32
"1"	"8"	"foreign"	"SF"	"90"	"b"	"1"	2.38	6.46	1.2	143	0	61.9	39.1	0.8	941	4833	50
"1"	"8"	"foreign"	"SF"	"90"	"b"	"2"	2.38	6.46	1.2	109	0	62	47.5	1	1054	5215	54
"8"	"8"	"own"	"SF"	"30"	"b"	"2"	2.38	6.46	1.2	138	0	72.5	37.2	1.6	NA	NA	40
"8"	"8"	"own"	"SF"	"30"	"b"	"1"	2.38	6.46	1.2	126	0	73.2	37.1	0.9	NA	NA	37
"8"	"8"	"own"	"SF"	"90"	"b"	"1"	2.38	6.46	1.2	124	0	56.8	35.2	0	1132	4574	28
"8"	"8"	"own"	"SF"	"90"	"b"	"2"	2.38	6.46	1.2	84	0	65.7	37.9	0.8	1103	4188	20
"9"	"8"	"foreign"	"SF"	"30"	"b"	"2"	2.38	6.46	1.2	133	4	87.2	45.4	1.4	NA	NA	53
"9"	"8"	"foreign"	"SF"	"30"	"b"	"1"	2.38	6.46	1.2	121	2	95.2	49.9	1.4	NA	NA	44
"9"	"8"	"foreign"	"SF"	"90"	"b"	"2"	2.38	6.46	1.2	118	0	71.4	35	0.6	1157	4308	31
"9"	"8"	"foreign"	"SF"	"90"	"b"	"1"	2.38	6.46	1.2	86	0	73.4	38.7	1.1	1133	4239	31
"3"	"8"	"foreign"	"SF"	"30"	"b"	"2"	2.38	6.46	1.2	112	0	44.5	39.1	0.4	NA	NA	23
"3"	"8"	"foreign"	"SF"	"30"	"b"	"1"	2.38	6.46	1.2	141	0	49.2	45.8	0.8	NA	NA	32
"3"	"8"	"foreign"	"SF"	"90"	"b"	"2"	2.38	6.46	1.2	116	0	39.7	35.4	0	1231	4990	22
"3"	"8"	"foreign"	"SF"	"90"	"b"	"1"	2.38	6.46	1.2	114	0	59.8	30.8	0	1102	4866	19
"4"	"8"	"foreign"	"SF"	"30"	"b"	"2"	2.38	6.46	1.2	130	0	70.3	44.4	1.1	NA	NA	67
"4"	"8"	"foreign"	"SF"	"30"	"b"	"1"	2.38	6.46	1.2	147	0	77	43.7	1.1	NA	NA	71
"4"	"8"	"foreign"	"SF"	"90"	"b"	"2"	2.38	6.46	1.2	99	0	66.2	33.8	0.8	1159	4381	41
"4"	"8"	"foreign"	"SF"	"90"	"b"	"1"	2.38	6.46	1.2	165	0	67.7	41.4	1	1087	4297	55
"2"	"8"	"foreign"	"SF"	"30"	"b"	"1"	2.38	6.46	1.2	96	0	65.2	33.4	0	NA	NA	24
"2"	"8"	"foreign"	"SF"	"30"	"b"	"2"	2.38	6.46	1.2	155	1	72.7	35.2	0.2	NA	NA	31
"2"	"8"	"foreign"	"SF"	"90"	"b"	"1"	2.38	6.46	1.2	132	0	63	33.5	0	1172	3874	22
"2"	"8"	"foreign"	"SF"	"90"	"b"	"2"	2.38	6.46	1.2	118	0	73.2	31.5	0	1389	4390	27
"5"	"7"	"foreign"	"SF"	"30"	"b"	"2"	9.19	12	2.99	135	2	84.3	48	1.4	NA	NA	57
"5"	"7"	"foreign"	"SF"	"30"	"b"	"1"	9.19	12	2.99	148	4	98.5	55.1	1.3	NA	NA	72
"5"	"7"	"foreign"	"SF"	"90"	"b"	"2"	9.19	12	2.99	105	0	74.3	39	0.9	658	3064	28
"5"	"7"	"foreign"	"SF"	"90"	"b"	"1"	9.19	12	2.99	157	0	81.8	39.2	0.5	623	2906	54
"6"	"7"	"foreign"	"SF"	"30"	"b"	"2"	9.19	12	2.99	149	0	92.1	39.9	1.5	NA	NA	51
"6"	"7"	"foreign"	"SF"	"30"	"b"	"1"	9.19	12	2.99	128	1	92.2	34	0.4	NA	NA	49
"6"	"7"	"foreign"	"SF"	"90"	"b"	"1"	9.19	12	2.99	99	0	74.9	36.4	0.5	883	4021	28
"6"	"7"	"foreign"	"SF"	"90"	"b"	"2"	9.19	12	2.99	115	0	80	35.6	0.5	904	3966	38
"7"	"7"	"own"	"SF"	"30"	"b"	"2"	9.19	12	2.99	82	1	81.1	39.2	0.6	NA	NA	29
"7"	"7"	"own"	"SF"	"30"	"b"	"1"	9.19	12	2.99	164	1	81.2	38	0.3	NA	NA	44
"7"	"7"	"own"	"SF"	"90"	"b"	"2"	9.19	12	2.99	139	0	52.4	32.7	0.5	966	3335	29
"7"	"7"	"own"	"SF"	"90"	"b"	"1"	9.19	12	2.99	114	0	59.7	34.6	0	1019	3395	23
"1"	"7"	"foreign"	"SF"	"30"	"b"	"2"	9.19	12	2.99	86	0	84.3	49.5	1.2	NA	NA	42
"1"	"7"	"foreign"	"SF"	"30"	"b"	"1"	9.19	12	2.99	155	1	84.6	52.1	1.1	NA	NA	89
"1"	"7"	"foreign"	"SF"	"90"	"b"	"2"	9.19	12	2.99	138	0	60.7	41.1	1.1	698	2913	44
"1"	"7"	"foreign"	"SF"	"90"	"b"	"1"	9.19	12	2.99	132	0	66.5	44.3	0.9	587	2715	51
"8"	"7"	"foreign"	"SF"	"30"	"b"	"1"	9.19	12	2.99	106	0	67.4	35.5	0	NA	NA	23
"8"	"7"	"foreign"	"SF"	"30"	"b"	"2"	9.19	12	2.99	121	3	87.9	40.3	1.8	NA	NA	40
"8"	"7"	"foreign"	"SF"	"90"	"b"	"1"	9.19	12	2.99	128	0	57.6	31.9	0.3	1243	4442	26
"8"	"7"	"foreign"	"SF"	"90"	"b"	"2"	9.19	12	2.99	79	0	66.2	31	0	1575	5425	16
"2"	"7"	"foreign"	"SF"	"30"	"b"	"2"	9.19	12	2.99	153	1	61.9	32.2	0.3	NA	NA	21
"2"	"7"	"foreign"	"SF"	"30"	"b"	"1"	9.19	12	2.99	109	0	66.5	38.4	0.4	NA	NA	20
"2"	"7"	"foreign"	"SF"	"90"	"b"	"1"	9.19	12	2.99	132	0	52.6	29.7	0	1197	4453	12
"2"	"7"	"foreign"	"SF"	"90"	"b"	"2"	9.19	12	2.99	107	0	58.2	32.6	0	1501	4868	18
"3"	"7"	"foreign"	"SF"	"30"	"b"	"2"	9.19	12	2.99	123	0	57.2	29.6	0	NA	NA	30
"3"	"7"	"foreign"	"SF"	"30"	"b"	"1"	9.19	12	2.99	126	0	61.3	35	0.8	NA	NA	25
"3"	"7"	"foreign"	"SF"	"90"	"b"	"1"	9.19	12	2.99	105	0	53.6	34.7	0.4	1605	5328	24
"3"	"7"	"foreign"	"SF"	"90"	"b"	"2"	9.19	12	2.99	177	0	57.5	34.8	0.5	1581	6096	24
"4"	"7"	"foreign"	"SF"	"30"	"b"	"2"	9.19	12	2.99	158	4	74	41.6	0.9	NA	NA	78
"4"	"7"	"foreign"	"SF"	"30"	"b"	"1"	9.19	12	2.99	177	1	93.4	47.7	1.3	NA	NA	102
"4"	"7"	"foreign"	"SF"	"90"	"b"	"1"	9.19	12	2.99	185	3	75.6	34.7	0.8	1033	3776	74
"4"	"7"	"foreign"	"SF"	"90"	"b"	"2"	9.19	12	2.99	120	0	77.2	33.8	0	1028	3887	37
"9"	"7"	"foreign"	"SF"	"30"	"b"	"2"	9.19	12	2.99	150	5	95.7	43.5	1.4	NA	NA	53
"9"	"7"	"foreign"	"SF"	"30"	"b"	"1"	9.19	12	2.99	113	5	101.9	38.5	1.7	NA	NA	38
"9"	"7"	"foreign"	"SF"	"90"	"b"	"2"	9.19	12	2.99	133	1	65.7	31.8	1	1141	4342	35
"9"	"7"	"foreign"	"SF"	"90"	"b"	"1"	9.19	12	2.99	107	1	83.3	35	0.7	1176	4160	26
"5"	"6"	"foreign"	"SF"	"30"	"b"	"1"	4.48	14.18	3.5	123	11	120.2	47.7	1.6	NA	NA	72
"5"	"6"	"foreign"	"SF"	"30"	"b"	"2"	4.48	14.18	3.5	86	10	120.4	40.6	1.6	NA	NA	48
"5"	"6"	"foreign"	"SF"	"90"	"b"	"1"	4.48	14.18	3.5	152	3	84.6	40.9	0.9	900	5136	52
"5"	"6"	"foreign"	"SF"	"90"	"b"	"2"	4.48	14.18	3.5	63	1	98.7	50.3	1.3	909	4643	26
"6"	"6"	"own"	"SF"	"30"	"b"	"2"	4.48	14.18	3.5	107	9	104.2	33.3	1	NA	NA	43
"6"	"6"	"own"	"SF"	"30"	"b"	"1"	4.48	14.18	3.5	108	5	110.1	37.2	1.5	NA	NA	44
"6"	"6"	"own"	"SF"	"90"	"b"	"1"	4.48	14.18	3.5	122	1	89.2	34.2	0.9	813	4161	49
"6"	"6"	"own"	"SF"	"90"	"b"	"2"	4.48	14.18	3.5	105	1	99.4	38.6	1.4	821	3982	42
"7"	"6"	"foreign"	"SF"	"30"	"b"	"1"	4.48	14.18	3.5	130	1	80.4	39.1	0.3	NA	NA	29
"7"	"6"	"foreign"	"SF"	"30"	"b"	"2"	4.48	14.18	3.5	91	3	95.2	33.5	1.1	NA	NA	22
"7"	"6"	"foreign"	"SF"	"90"	"b"	"2"	4.48	14.18	3.5	130	0	52.4	24.3	0	1048	4267	29
"7"	"6"	"foreign"	"SF"	"90"	"b"	"1"	4.48	14.18	3.5	96	0	59.2	32.2	0	1029	4351	12
"1"	"6"	"foreign"	"SF"	"30"	"b"	"2"	4.48	14.18	3.5	98	5	94	54	1.3	NA	NA	52
"1"	"6"	"foreign"	"SF"	"30"	"b"	"1"	4.48	14.18	3.5	132	3	97.5	53.4	1.2	NA	NA	86
"1"	"6"	"foreign"	"SF"	"90"	"b"	"1"	4.48	14.18	3.5	114	0	60.2	38.9	1	916	4332	31
"1"	"6"	"foreign"	"SF"	"90"	"b"	"2"	4.48	14.18	3.5	134	0	62.7	40.7	0.7	871	4228	43
"8"	"6"	"foreign"	"SF"	"30"	"b"	"2"	4.48	14.18	3.5	89	3	86.5	42	1.3	NA	NA	25
"8"	"6"	"foreign"	"SF"	"30"	"b"	"1"	4.48	14.18	3.5	79	0	106.4	35.8	1.1	NA	NA	20
"8"	"6"	"foreign"	"SF"	"90"	"b"	"2"	4.48	14.18	3.5	127	1	53.2	27.4	0.4	1381	5887	26
"8"	"6"	"foreign"	"SF"	"90"	"b"	"1"	4.48	14.18	3.5	81	0	64.7	26.9	0	1142	5269	13
"2"	"6"	"foreign"	"SF"	"30"	"b"	"2"	4.48	14.18	3.5	107	2	73.1	31.4	0	NA	NA	25
"2"	"6"	"foreign"	"SF"	"30"	"b"	"1"	4.48	14.18	3.5	99	0	81.4	36.4	0.6	NA	NA	15
"2"	"6"	"foreign"	"SF"	"90"	"b"	"2"	4.48	14.18	3.5	98	0	55.6	29.3	0	1786	5737	20
"2"	"6"	"foreign"	"SF"	"90"	"b"	"1"	4.48	14.18	3.5	132	0	56	26.2	0	1455	5012	23
"3"	"6"	"foreign"	"SF"	"30"	"b"	"1"	4.48	14.18	3.5	104	0	61.7	33.6	0.5	NA	NA	18
"3"	"6"	"foreign"	"SF"	"30"	"b"	"2"	4.48	14.18	3.5	143	0	67.2	31.8	0.3	NA	NA	27
"3"	"6"	"foreign"	"SF"	"90"	"b"	"1"	4.48	14.18	3.5	104	0	54.8	30.1	0	1218	5867	8
"3"	"6"	"foreign"	"SF"	"90"	"b"	"2"	4.48	14.18	3.5	105	0	56	25.2	0	1304	6042	11
"4"	"6"	"foreign"	"SF"	"30"	"b"	"2"	4.48	14.18	3.5	99	16	97.6	49.1	1.3	NA	NA	34
"4"	"6"	"foreign"	"SF"	"30"	"b"	"1"	4.48	14.18	3.5	147	3	122.1	44.1	1.5	NA	NA	82
"4"	"6"	"foreign"	"SF"	"90"	"b"	"2"	4.48	14.18	3.5	120	5	72.4	38.6	1.1	959	4261	50
"4"	"6"	"foreign"	"SF"	"90"	"b"	"1"	4.48	14.18	3.5	111	0	99	39.8	1.3	954	4272	44
"9"	"6"	"foreign"	"SF"	"30"	"b"	"2"	4.48	14.18	3.5	117	11	115	42.1	2	NA	NA	46
"9"	"6"	"foreign"	"SF"	"30"	"b"	"1"	4.48	14.18	3.5	92	6	148.9	42	2.1	NA	NA	29
"9"	"6"	"foreign"	"SF"	"90"	"b"	"2"	4.48	14.18	3.5	116	0	68.6	33.7	0.4	1249	5181	27
"9"	"6"	"foreign"	"SF"	"90"	"b"	"1"	4.48	14.18	3.5	96	0	76.3	38.9	0.6	1412	5242	18
"5"	"5"	"own"	"SF"	"30"	"b"	"2"	3.34	12.18	1.87	116	1	89.6	43.9	1	NA	NA	45
"5"	"5"	"own"	"SF"	"30"	"b"	"1"	3.34	12.18	1.87	88	0	90.3	42.7	1.3	NA	NA	30
"5"	"5"	"own"	"SF"	"90"	"b"	"1"	3.34	12.18	1.87	95	0	82.5	42	0.6	770	4181	30
"5"	"5"	"own"	"SF"	"90"	"b"	"2"	3.34	12.18	1.87	105	2	86.6	31.7	0.4	836	4247	38
"6"	"5"	"foreign"	"SF"	"30"	"b"	"2"	3.34	12.18	1.87	113	0	72.7	39	0.7	NA	NA	50
"6"	"5"	"foreign"	"SF"	"30"	"b"	"1"	3.34	12.18	1.87	111	0	75.9	34.1	0.6	NA	NA	45
"6"	"5"	"foreign"	"SF"	"90"	"b"	"2"	3.34	12.18	1.87	95	0	65.1	31.6	0.5	831	3997	41
"6"	"5"	"foreign"	"SF"	"90"	"b"	"1"	3.34	12.18	1.87	129	0	71.4	29.5	0	889	4220	43
"7"	"5"	"foreign"	"SF"	"30"	"b"	"2"	3.34	12.18	1.87	121	0	63.3	33.1	0.3	NA	NA	32
"7"	"5"	"foreign"	"SF"	"30"	"b"	"1"	3.34	12.18	1.87	115	0	82.4	37.4	0.5	NA	NA	34
"7"	"5"	"foreign"	"SF"	"90"	"b"	"1"	3.34	12.18	1.87	130	0	51.4	35.2	0	1287	5528	16
"7"	"5"	"foreign"	"SF"	"90"	"b"	"2"	3.34	12.18	1.87	74	0	51.5	31.4	0	1229	4871	19
"1"	"5"	"foreign"	"SF"	"30"	"b"	"2"	3.34	12.18	1.87	129	0	61.3	40	0.7	NA	NA	33
"1"	"5"	"foreign"	"SF"	"30"	"b"	"1"	3.34	12.18	1.87	111	0	67.7	42.3	0.4	NA	NA	24
"1"	"5"	"foreign"	"SF"	"90"	"b"	"2"	3.34	12.18	1.87	93	0	44.3	19.2	0	995	4314	8
"1"	"5"	"foreign"	"SF"	"90"	"b"	"1"	3.34	12.18	1.87	121	0	50	28.8	0	1109	5268	10
"8"	"5"	"foreign"	"SF"	"30"	"b"	"2"	3.34	12.18	1.87	93	1	69.8	38.5	0	NA	NA	26
"8"	"5"	"foreign"	"SF"	"30"	"b"	"1"	3.34	12.18	1.87	105	0	80.9	36.8	0	NA	NA	25
"8"	"5"	"foreign"	"SF"	"90"	"b"	"1"	3.34	12.18	1.87	121	0	63.3	29.5	0	1383	5924	28
"8"	"5"	"foreign"	"SF"	"90"	"b"	"2"	3.34	12.18	1.87	110	0	66.4	34.3	0	1365	4871	22
"2"	"5"	"foreign"	"SF"	"30"	"b"	"1"	3.34	12.18	1.87	103	0	47.6	35.8	0.7	NA	NA	18
"2"	"5"	"foreign"	"SF"	"30"	"b"	"2"	3.34	12.18	1.87	158	0	64	32.1	0	NA	NA	31
"2"	"5"	"foreign"	"SF"	"90"	"b"	"2"	3.34	12.18	1.87	94	0	55.1	28.2	0	1226	4245	18
"2"	"5"	"foreign"	"SF"	"90"	"b"	"1"	3.34	12.18	1.87	122	0	71.8	31.6	0.4	976	3491	18
"9"	"5"	"foreign"	"SF"	"30"	"b"	"2"	3.34	12.18	1.87	123	0	74.5	41.3	1.4	NA	NA	36
"9"	"5"	"foreign"	"SF"	"30"	"b"	"1"	3.34	12.18	1.87	99	1	99.4	44.9	1.5	NA	NA	35
"9"	"5"	"foreign"	"SF"	"90"	"b"	"1"	3.34	12.18	1.87	80	0	69.6	34	0.7	1184	5039	16
"9"	"5"	"foreign"	"SF"	"90"	"b"	"2"	3.34	12.18	1.87	122	0	80.2	32	0.3	1448	5380	16
"4"	"5"	"foreign"	"SF"	"30"	"b"	"1"	3.34	12.18	1.87	132	1	68.5	41.5	1.1	NA	NA	76
"4"	"5"	"foreign"	"SF"	"30"	"b"	"2"	3.34	12.18	1.87	152	0	75.9	43.1	1.1	NA	NA	83
"4"	"5"	"foreign"	"SF"	"90"	"b"	"1"	3.34	12.18	1.87	129	0	60	31.3	0	1289	5367	47
"4"	"5"	"foreign"	"SF"	"90"	"b"	"2"	3.34	12.18	1.87	148	0	68.5	34.2	0.5	1275	5183	56
"3"	"5"	"foreign"	"SF"	"30"	"b"	"1"	3.34	12.18	1.87	111	0	51.5	40.1	0.4	NA	NA	23
"3"	"5"	"foreign"	"SF"	"30"	"b"	"2"	3.34	12.18	1.87	151	0	58.5	35.3	0.5	NA	NA	33
"3"	"5"	"foreign"	"SF"	"90"	"b"	"1"	3.34	12.18	1.87	91	0	59.2	31.6	0	1242	5718	19
"3"	"5"	"foreign"	"SF"	"90"	"b"	"2"	3.34	12.18	1.87	90	0	59.5	35.6	0	1464	6420	13
"5"	"4"	"foreign"	"SF"	"30"	"b"	"2"	2.87	18.26	2.06	143	11	97.7	41	1.5	NA	NA	71
"5"	"4"	"foreign"	"SF"	"30"	"b"	"1"	2.87	18.26	2.06	122	5	120.7	40.7	1.4	NA	NA	67
"5"	"4"	"foreign"	"SF"	"90"	"b"	"2"	2.87	18.26	2.06	62	1	91	49.1	0.7	785	4032	14
"5"	"4"	"foreign"	"SF"	"90"	"b"	"1"	2.87	18.26	2.06	136	1	95.5	42.7	1.3	846	4682	64
"6"	"4"	"foreign"	"SF"	"30"	"b"	"2"	2.87	18.26	2.06	100	9	96.9	30.5	0.8	NA	NA	40
"6"	"4"	"foreign"	"SF"	"30"	"b"	"1"	2.87	18.26	2.06	109	3	106.5	29.6	1.4	NA	NA	50
"6"	"4"	"foreign"	"SF"	"90"	"b"	"1"	2.87	18.26	2.06	111	0	80.4	36.7	0.3	1021	6000	43
"6"	"4"	"foreign"	"SF"	"90"	"b"	"2"	2.87	18.26	2.06	88	0	81.9	35.1	0.7	850	4884	38
"7"	"4"	"foreign"	"SF"	"30"	"b"	"2"	2.87	18.26	2.06	87	1	72	37.7	0.3	NA	NA	25
"7"	"4"	"foreign"	"SF"	"30"	"b"	"1"	2.87	18.26	2.06	97	0	83.3	34	0.7	NA	NA	27
"7"	"4"	"foreign"	"SF"	"90"	"b"	"2"	2.87	18.26	2.06	84	0	58.8	35.2	0	1054	4928	9
"7"	"4"	"foreign"	"SF"	"90"	"b"	"1"	2.87	18.26	2.06	137	0	71.9	29.3	0.3	1038	5117	31
"1"	"4"	"foreign"	"SF"	"30"	"b"	"1"	2.87	18.26	2.06	107	0	74	40.9	1.2	NA	NA	59
"1"	"4"	"foreign"	"SF"	"30"	"b"	"2"	2.87	18.26	2.06	111	1	79.2	38.7	1.1	NA	NA	46
"1"	"4"	"foreign"	"SF"	"90"	"b"	"2"	2.87	18.26	2.06	85	0	48.4	24.9	0	1075	5854	13
"1"	"4"	"foreign"	"SF"	"90"	"b"	"1"	2.87	18.26	2.06	129	0	60.1	33.5	0.4	1155	6797	27
"8"	"4"	"foreign"	"SF"	"30"	"b"	"2"	2.87	18.26	2.06	110	6	90.7	34.7	0.7	NA	NA	21
"8"	"4"	"foreign"	"SF"	"30"	"b"	"1"	2.87	18.26	2.06	121	0	95.7	33.8	0.7	NA	NA	46
"8"	"4"	"foreign"	"SF"	"90"	"b"	"1"	2.87	18.26	2.06	103	0	75.8	35.3	0	1460	6965	28
"8"	"4"	"foreign"	"SF"	"90"	"b"	"2"	2.87	18.26	2.06	141	0	80.9	29.6	1	1463	6998	30
"2"	"4"	"foreign"	"SF"	"30"	"b"	"2"	2.87	18.26	2.06	86	1	86.4	33	0.7	NA	NA	14
"2"	"4"	"foreign"	"SF"	"30"	"b"	"1"	2.87	18.26	2.06	116	1	91.1	38.4	0.8	NA	NA	24
"2"	"4"	"foreign"	"SF"	"90"	"b"	"2"	2.87	18.26	2.06	66	0	66.6	38.5	0.9	1356	5835	11
"2"	"4"	"foreign"	"SF"	"90"	"b"	"1"	2.87	18.26	2.06	103	0	78.3	39.8	0	1314	5920	14
"9"	"4"	"foreign"	"SF"	"30"	"b"	"2"	2.87	18.26	2.06	112	6	110.6	46.4	1.6	NA	NA	33
"9"	"4"	"foreign"	"SF"	"30"	"b"	"1"	2.87	18.26	2.06	95	2	111.1	42.1	1.9	NA	NA	37
"9"	"4"	"foreign"	"SF"	"90"	"b"	"1"	2.87	18.26	2.06	85	0	69.5	26.7	0.7	1345	6083	24
"9"	"4"	"foreign"	"SF"	"90"	"b"	"2"	2.87	18.26	2.06	120	1	74.8	28.5	0.8	1240	5843	23
"4"	"4"	"own"	"SF"	"30"	"b"	"2"	2.87	18.26	2.06	90	1	71.9	41.5	1.1	NA	NA	45
"4"	"4"	"own"	"SF"	"30"	"b"	"1"	2.87	18.26	2.06	122	0	87.8	43.6	1.1	NA	NA	57
"4"	"4"	"own"	"SF"	"90"	"b"	"2"	2.87	18.26	2.06	152	0	74	39	1	1201	5843	95
"4"	"4"	"own"	"SF"	"90"	"b"	"1"	2.87	18.26	2.06	80	1	85.7	35.2	0.4	1084	5475	35
"3"	"4"	"foreign"	"SF"	"30"	"b"	"1"	2.87	18.26	2.06	116	0	48.2	30.7	0	NA	NA	26
"3"	"4"	"foreign"	"SF"	"30"	"b"	"2"	2.87	18.26	2.06	119	0	58.7	41.7	0.9	NA	NA	31
"3"	"4"	"foreign"	"SF"	"90"	"b"	"2"	2.87	18.26	2.06	110	0	54.8	33.6	0	1559	7696	27
"3"	"4"	"foreign"	"SF"	"90"	"b"	"1"	2.87	18.26	2.06	131	0	55	29	0	1868	8038	29
"5"	"3"	"foreign"	"SF"	"30"	"b"	"2"	2.97	16.84	1.73	101	4	78.4	48.8	1.2	NA	NA	56
"5"	"3"	"foreign"	"SF"	"30"	"b"	"1"	2.97	16.84	1.73	113	3	97.2	49.8	1.3	NA	NA	63
"5"	"3"	"foreign"	"SF"	"90"	"b"	"1"	2.97	16.84	1.73	100	0	71.8	41.1	0.7	949	4510	35
"5"	"3"	"foreign"	"SF"	"90"	"b"	"2"	2.97	16.84	1.73	149	1	78.8	43.9	0.8	939	5223	58
"6"	"3"	"foreign"	"SF"	"30"	"b"	"1"	2.97	16.84	1.73	134	0	82.6	34.7	0.8	NA	NA	54
"6"	"3"	"foreign"	"SF"	"30"	"b"	"2"	2.97	16.84	1.73	80	1	85.1	39.9	0.6	NA	NA	29
"6"	"3"	"foreign"	"SF"	"90"	"b"	"2"	2.97	16.84	1.73	113	1	70	36.4	1.1	821	4622	58
"6"	"3"	"foreign"	"SF"	"90"	"b"	"1"	2.97	16.84	1.73	94	0	82.8	34	0	752	4799	38
"7"	"3"	"foreign"	"SF"	"30"	"b"	"1"	2.97	16.84	1.73	132	0	82.2	37.1	0	NA	NA	54
"7"	"3"	"foreign"	"SF"	"30"	"b"	"2"	2.97	16.84	1.73	108	1	85.2	40.2	1	NA	NA	37
"7"	"3"	"foreign"	"SF"	"90"	"b"	"1"	2.97	16.84	1.73	122	0	61.2	32.9	0.4	1030	4921	35
"7"	"3"	"foreign"	"SF"	"90"	"b"	"2"	2.97	16.84	1.73	113	0	61.5	38.1	0.3	1213	4949	34
"1"	"3"	"foreign"	"SF"	"30"	"b"	"1"	2.97	16.84	1.73	146	0	72.3	53.9	1	NA	NA	76
"1"	"3"	"foreign"	"SF"	"30"	"b"	"2"	2.97	16.84	1.73	103	0	80.3	52.4	1.2	NA	NA	56
"1"	"3"	"foreign"	"SF"	"90"	"b"	"2"	2.97	16.84	1.73	92	0	60.2	34.2	1.4	802	5868	38
"1"	"3"	"foreign"	"SF"	"90"	"b"	"1"	2.97	16.84	1.73	122	2	61	41.9	1.1	833	5995	70
"8"	"3"	"foreign"	"SF"	"30"	"b"	"1"	2.97	16.84	1.73	134	2	74.8	42.1	0.8	NA	NA	38
"8"	"3"	"foreign"	"SF"	"30"	"b"	"2"	2.97	16.84	1.73	99	5	101.3	39	1.8	NA	NA	34
"8"	"3"	"foreign"	"SF"	"90"	"b"	"1"	2.97	16.84	1.73	84	0	64.4	30.6	0	1186	6545	20
"8"	"3"	"foreign"	"SF"	"90"	"b"	"2"	2.97	16.84	1.73	127	0	68	31.4	0	1244	6769	25
"2"	"3"	"foreign"	"SF"	"30"	"b"	"1"	2.97	16.84	1.73	89	0	68.9	37.5	0.9	NA	NA	25
"2"	"3"	"foreign"	"SF"	"30"	"b"	"2"	2.97	16.84	1.73	123	0	78.8	37.9	0.2	NA	NA	22
"2"	"3"	"foreign"	"SF"	"90"	"b"	"1"	2.97	16.84	1.73	119	0	67.2	33.6	0	997	4349	18
"2"	"3"	"foreign"	"SF"	"90"	"b"	"2"	2.97	16.84	1.73	130	0	69.4	31.7	0	1217	4455	30
"9"	"3"	"foreign"	"SF"	"30"	"b"	"1"	2.97	16.84	1.73	85	0	96.7	52	1.3	NA	NA	30
"9"	"3"	"foreign"	"SF"	"30"	"b"	"2"	2.97	16.84	1.73	136	5	98.6	44.8	1.4	NA	NA	53
"9"	"3"	"foreign"	"SF"	"90"	"b"	"2"	2.97	16.84	1.73	132	0	66.5	35.1	0.8	1380	5220	32
"9"	"3"	"foreign"	"SF"	"90"	"b"	"1"	2.97	16.84	1.73	114	1	72.1	33	0.7	1099	5278	26
"3"	"3"	"own"	"SF"	"30"	"b"	"1"	2.97	16.84	1.73	132	0	55.6	40	0.9	NA	NA	30
"3"	"3"	"own"	"SF"	"30"	"b"	"2"	2.97	16.84	1.73	110	0	55.9	40.4	0.4	NA	NA	21
"3"	"3"	"own"	"SF"	"90"	"b"	"2"	2.97	16.84	1.73	116	0	52.8	32.7	0	1517	7290	21
"3"	"3"	"own"	"SF"	"90"	"b"	"1"	2.97	16.84	1.73	111	0	52.9	33.3	0	1481	6913	26
"4"	"3"	"foreign"	"SF"	"30"	"b"	"1"	2.97	16.84	1.73	135	1	80	50	1.1	NA	NA	70
"4"	"3"	"foreign"	"SF"	"30"	"b"	"2"	2.97	16.84	1.73	127	2	81.2	47.1	1	NA	NA	86
"4"	"3"	"foreign"	"SF"	"90"	"b"	"2"	2.97	16.84	1.73	102	0	71.9	35.1	0.4	1077	5073	47
"4"	"3"	"foreign"	"SF"	"90"	"b"	"1"	2.97	16.84	1.73	160	0	73.5	37.2	0.7	1159	5456	72
"5"	"2"	"foreign"	"SF"	"30"	"b"	"2"	3.76	9.24	1.52	140	1	87.7	43.5	0.8	NA	NA	74
"5"	"2"	"foreign"	"SF"	"30"	"b"	"1"	3.76	9.24	1.52	115	1	89.7	44.4	1.2	NA	NA	42
"5"	"2"	"foreign"	"SF"	"90"	"b"	"2"	3.76	9.24	1.52	114	1	73.4	40.8	0.8	627	2739	44
"5"	"2"	"foreign"	"SF"	"90"	"b"	"1"	3.76	9.24	1.52	131	0	74	40.5	0.7	642	2659	62
"6"	"2"	"foreign"	"SF"	"30"	"b"	"2"	3.76	9.24	1.52	97	0	73.7	40	1.4	NA	NA	45
"6"	"2"	"foreign"	"SF"	"30"	"b"	"1"	3.76	9.24	1.52	131	0	80.5	44.7	1.1	NA	NA	52
"6"	"2"	"foreign"	"SF"	"90"	"b"	"1"	3.76	9.24	1.52	104	0	66.3	31.4	0	868	3800	45
"6"	"2"	"foreign"	"SF"	"90"	"b"	"2"	3.76	9.24	1.52	140	0	69.5	35.5	0.6	713	3337	53
"7"	"2"	"foreign"	"SF"	"30"	"b"	"1"	3.76	9.24	1.52	127	0	60.1	34	0	NA	NA	39
"7"	"2"	"foreign"	"SF"	"30"	"b"	"2"	3.76	9.24	1.52	136	1	63.7	32.6	0.2	NA	NA	49
"7"	"2"	"foreign"	"SF"	"90"	"b"	"2"	3.76	9.24	1.52	128	0	53.3	39.2	0	1073	3552	15
"7"	"2"	"foreign"	"SF"	"90"	"b"	"1"	3.76	9.24	1.52	165	0	54.3	32.5	0	1140	3718	38
"1"	"2"	"foreign"	"SF"	"30"	"b"	"2"	3.76	9.24	1.52	148	0	72.3	56.6	1	NA	NA	58
"1"	"2"	"foreign"	"SF"	"30"	"b"	"1"	3.76	9.24	1.52	156	0	73.6	43.3	1.2	NA	NA	79
"1"	"2"	"foreign"	"SF"	"90"	"b"	"1"	3.76	9.24	1.52	143	0	53.2	29	0.7	676	3481	51
"1"	"2"	"foreign"	"SF"	"90"	"b"	"2"	3.76	9.24	1.52	119	0	53.6	37.2	0.3	675	3280	34
"8"	"2"	"foreign"	"SF"	"30"	"b"	"2"	3.76	9.24	1.52	97	4	62	40.2	0.5	NA	NA	37
"8"	"2"	"foreign"	"SF"	"30"	"b"	"1"	3.76	9.24	1.52	164	0	77	38.8	0.6	NA	NA	30
"8"	"2"	"foreign"	"SF"	"90"	"b"	"1"	3.76	9.24	1.52	148	0	58.6	34.2	0.6	1076	4644	16
"8"	"2"	"foreign"	"SF"	"90"	"b"	"2"	3.76	9.24	1.52	114	0	71.1	34.1	0	1382	4807	28
"2"	"2"	"own"	"SF"	"30"	"b"	"1"	3.76	9.24	1.52	132	0	63.7	32	0	NA	NA	18
"2"	"2"	"own"	"SF"	"30"	"b"	"2"	3.76	9.24	1.52	116	0	76.3	38	0.3	NA	NA	21
"2"	"2"	"own"	"SF"	"90"	"b"	"2"	3.76	9.24	1.52	118	0	58.2	32.2	0	1245	4157	22
"2"	"2"	"own"	"SF"	"90"	"b"	"1"	3.76	9.24	1.52	142	0	58.7	36.4	0	1107	4395	19
"9"	"2"	"foreign"	"SF"	"30"	"b"	"2"	3.76	9.24	1.52	96	1	96.3	48.1	1.4	NA	NA	41
"9"	"2"	"foreign"	"SF"	"30"	"b"	"1"	3.76	9.24	1.52	144	0	96.6	41.5	1.3	NA	NA	47
"9"	"2"	"foreign"	"SF"	"90"	"b"	"1"	3.76	9.24	1.52	136	0	53	30.7	0	1152	4054	28
"9"	"2"	"foreign"	"SF"	"90"	"b"	"2"	3.76	9.24	1.52	130	0	69.5	34.8	0.3	1193	4033	26
"3"	"2"	"foreign"	"SF"	"30"	"b"	"1"	3.76	9.24	1.52	115	0	42.8	38.9	0.8	NA	NA	32
"3"	"2"	"foreign"	"SF"	"30"	"b"	"2"	3.76	9.24	1.52	134	0	58.2	46.4	0.7	NA	NA	34
"3"	"2"	"foreign"	"SF"	"90"	"b"	"2"	3.76	9.24	1.52	168	0	43.2	35.6	0	1388	5275	35
"3"	"2"	"foreign"	"SF"	"90"	"b"	"1"	3.76	9.24	1.52	117	0	45.1	32.3	0	1264	5022	22
"4"	"2"	"foreign"	"SF"	"30"	"b"	"2"	3.76	9.24	1.52	132	1	62.3	42.9	0.9	NA	NA	54
"4"	"2"	"foreign"	"SF"	"30"	"b"	"1"	3.76	9.24	1.52	127	0	69.7	43.2	0.9	NA	NA	50
"4"	"2"	"foreign"	"SF"	"90"	"b"	"2"	3.76	9.24	1.52	148	0	59.1	35.3	0.3	1238	4234	69
"4"	"2"	"foreign"	"SF"	"90"	"b"	"1"	3.76	9.24	1.52	160	0	60	33.7	0.3	943	3787	60
"5"	"1"	"foreign"	"SF"	"30"	"b"	"1"	3.74	10.72	0.77	129	0	73.8	51.9	1	NA	NA	78
"5"	"1"	"foreign"	"SF"	"30"	"b"	"2"	3.74	10.72	0.77	125	1	82.9	49.8	1.1	NA	NA	80
"5"	"1"	"foreign"	"SF"	"90"	"b"	"1"	3.74	10.72	0.77	131	0	76.8	40.6	0.9	1138	6193	64
"5"	"1"	"foreign"	"SF"	"90"	"b"	"2"	3.74	10.72	0.77	136	0	77.1	40.5	1.1	1024	5927	73
"6"	"1"	"foreign"	"SF"	"30"	"b"	"1"	3.74	10.72	0.77	146	0	69	37.8	0.9	NA	NA	49
"6"	"1"	"foreign"	"SF"	"30"	"b"	"2"	3.74	10.72	0.77	120	0	78.8	43.1	1.1	NA	NA	55
"6"	"1"	"foreign"	"SF"	"90"	"b"	"2"	3.74	10.72	0.77	103	0	65.4	36	0	931	5413	42
"6"	"1"	"foreign"	"SF"	"90"	"b"	"1"	3.74	10.72	0.77	90	0	65.8	38.3	0.5	1080	6281	28
"7"	"1"	"foreign"	"SF"	"30"	"b"	"2"	3.74	10.72	0.77	94	0	59.7	36	0.5	NA	NA	16
"7"	"1"	"foreign"	"SF"	"30"	"b"	"1"	3.74	10.72	0.77	134	0	64.5	37.2	0.6	NA	NA	45
"7"	"1"	"foreign"	"SF"	"90"	"b"	"2"	3.74	10.72	0.77	92	0	45.3	40.1	0.3	1237	5275	17
"7"	"1"	"foreign"	"SF"	"90"	"b"	"1"	3.74	10.72	0.77	133	0	66	36.4	0	1069	5094	31
"1"	"1"	"own"	"SF"	"30"	"b"	"2"	3.74	10.72	0.77	148	0	64.8	52.6	1	NA	NA	64
"1"	"1"	"own"	"SF"	"30"	"b"	"1"	3.74	10.72	0.77	94	0	70.6	54.4	1	NA	NA	53
"1"	"1"	"own"	"SF"	"90"	"b"	"2"	3.74	10.72	0.77	108	0	50.4	41.7	0.4	929	6043	42
"1"	"1"	"own"	"SF"	"90"	"b"	"1"	3.74	10.72	0.77	135	0	52.5	39.4	0.8	836	5777	56
"8"	"1"	"foreign"	"SF"	"30"	"b"	"1"	3.74	10.72	0.77	145	0	79.1	39.4	0.8	NA	NA	48
"8"	"1"	"foreign"	"SF"	"30"	"b"	"2"	3.74	10.72	0.77	85	2	82	34.4	0	NA	NA	26
"8"	"1"	"foreign"	"SF"	"90"	"b"	"2"	3.74	10.72	0.77	130	0	63	37.4	0.5	1351	7665	41
"8"	"1"	"foreign"	"SF"	"90"	"b"	"1"	3.74	10.72	0.77	106	1	68	39.4	0.4	1384	7002	16
"2"	"1"	"foreign"	"SF"	"30"	"b"	"1"	3.74	10.72	0.77	94	0	76.6	35.4	0	NA	NA	12
"2"	"1"	"foreign"	"SF"	"30"	"b"	"2"	3.74	10.72	0.77	137	0	79.6	37.4	0	NA	NA	29
"2"	"1"	"foreign"	"SF"	"90"	"b"	"1"	3.74	10.72	0.77	99	0	54.1	32.5	0.4	1232	5761	28
"2"	"1"	"foreign"	"SF"	"90"	"b"	"2"	3.74	10.72	0.77	105	0	62.9	38.2	0.5	1461	5912	20
"9"	"1"	"foreign"	"SF"	"30"	"b"	"1"	3.74	10.72	0.77	97	1	80.1	43	1.5	NA	NA	30
"9"	"1"	"foreign"	"SF"	"30"	"b"	"2"	3.74	10.72	0.77	156	1	88.3	50.7	1.3	NA	NA	70
"9"	"1"	"foreign"	"SF"	"90"	"b"	"2"	3.74	10.72	0.77	94	0	74.2	42.3	1	925	4683	41
"9"	"1"	"foreign"	"SF"	"90"	"b"	"1"	3.74	10.72	0.77	87	0	76.7	38.5	0	1044	5291	28
"3"	"1"	"foreign"	"SF"	"30"	"b"	"2"	3.74	10.72	0.77	136	0	46.1	38.9	0.8	NA	NA	36
"3"	"1"	"foreign"	"SF"	"30"	"b"	"1"	3.74	10.72	0.77	126	0	50.5	35.3	0.5	NA	NA	31
"3"	"1"	"foreign"	"SF"	"90"	"b"	"2"	3.74	10.72	0.77	128	0	46.4	32.8	0	1466	7200	21
"3"	"1"	"foreign"	"SF"	"90"	"b"	"1"	3.74	10.72	0.77	116	0	55.4	36.7	0	1593	7393	26
"4"	"1"	"foreign"	"SF"	"30"	"b"	"2"	3.74	10.72	0.77	123	0	65	43.3	0.8	NA	NA	75
"4"	"1"	"foreign"	"SF"	"30"	"b"	"1"	3.74	10.72	0.77	160	0	67.4	46.1	0.9	NA	NA	70
"4"	"1"	"foreign"	"SF"	"90"	"b"	"1"	3.74	10.72	0.77	119	0	57.2	36.5	0.3	921	4203	32
"4"	"1"	"foreign"	"SF"	"90"	"b"	"2"	3.74	10.72	0.77	135	0	63.5	38.8	0.9	903	4254	63
"5"	NA	"control"	"SW"	"30"	"b"	"1"	NA	NA	NA	193	31	129.2	36.6	2	NA	NA	141
"5"	NA	"control"	"SW"	"30"	"b"	"2"	NA	NA	NA	125	24	135.8	26.4	0.6	NA	NA	95
"5"	NA	"control"	"SW"	"90"	"b"	"2"	NA	NA	NA	129	21	114.4	33.3	1.6	980	5232	82
"5"	NA	"control"	"SW"	"90"	"b"	"1"	NA	NA	NA	147	14	124.1	32.5	1.6	1012	5263	94
"6"	NA	"control"	"SW"	"30"	"b"	"1"	NA	NA	NA	141	24	140.9	26	0.8	NA	NA	53
"6"	NA	"control"	"SW"	"30"	"b"	"2"	NA	NA	NA	103	15	147.8	26.1	1	NA	NA	45
"6"	NA	"control"	"SW"	"90"	"b"	"1"	NA	NA	NA	92	13	137.3	27.5	1	706	3949	37
"6"	NA	"control"	"SW"	"90"	"b"	"2"	NA	NA	NA	132	31	172.5	21.6	1.1	673	3644	59
"7"	NA	"control"	"SW"	"30"	"b"	"2"	NA	NA	NA	120	1	132.8	34.7	1.6	NA	NA	54
"7"	NA	"control"	"SW"	"30"	"b"	"1"	NA	NA	NA	138	13	160.8	28	0.4	NA	NA	48
"7"	NA	"control"	"SW"	"90"	"b"	"2"	NA	NA	NA	114	22	118.2	31.7	0.7	1402	3774	35
"7"	NA	"control"	"SW"	"90"	"b"	"1"	NA	NA	NA	158	8	126	32.1	1.2	1277	3924	71
"1"	NA	"control"	"SW"	"30"	"b"	"1"	NA	NA	NA	NA	0	NA	NA	NA	NA	NA	NA
"1"	NA	"control"	"SW"	"30"	"b"	"2"	NA	NA	NA	NA	0	NA	NA	NA	NA	NA	NA
"1"	NA	"control"	"SW"	"90"	"b"	"1"	NA	NA	NA	NA	0	NA	NA	NA	843	2740	NA
"1"	NA	"control"	"SW"	"90"	"b"	"2"	NA	NA	NA	NA	0	NA	NA	NA	988	2551	NA
"8"	NA	"control"	"SW"	"30"	"b"	"1"	NA	NA	NA	137	19	135	34	1.3	NA	NA	62
"8"	NA	"control"	"SW"	"30"	"b"	"2"	NA	NA	NA	90	12	143.8	35.9	2.1	NA	NA	43
"8"	NA	"control"	"SW"	"90"	"b"	"1"	NA	NA	NA	155	12	122.7	36	1.8	1240	4796	57
"8"	NA	"control"	"SW"	"90"	"b"	"2"	NA	NA	NA	114	12	132.4	35.4	2.1	1184	4550	35
"2"	NA	"control"	"SW"	"30"	"b"	"1"	NA	NA	NA	110	9	115.4	27.2	1.2	NA	NA	35
"2"	NA	"control"	"SW"	"30"	"b"	"2"	NA	NA	NA	145	14	124.4	28.3	0.5	NA	NA	43
"2"	NA	"control"	"SW"	"90"	"b"	"2"	NA	NA	NA	83	12	112.5	32.7	1.2	1106	4061	29
"2"	NA	"control"	"SW"	"90"	"b"	"1"	NA	NA	NA	159	7	130.3	27.9	0.7	894	3580	36
"9"	NA	"control"	"SW"	"30"	"b"	"2"	NA	NA	NA	116	27	123.1	39.5	1.8	NA	NA	31
"9"	NA	"control"	"SW"	"30"	"b"	"1"	NA	NA	NA	119	7	161.7	42.1	2.2	NA	NA	53
"9"	NA	"control"	"SW"	"90"	"b"	"1"	NA	NA	NA	149	19	151.3	38.8	2	832	3405	50
"9"	NA	"control"	"SW"	"90"	"b"	"2"	NA	NA	NA	89	12	151.3	41.3	2	1185	3665	32
"3"	NA	"control"	"SW"	"30"	"b"	"2"	NA	NA	NA	111	2	77.6	30.8	0.9	NA	NA	35
"3"	NA	"control"	"SW"	"30"	"b"	"1"	NA	NA	NA	144	2	84.3	30.9	0.2	NA	NA	31
"3"	NA	"control"	"SW"	"90"	"b"	"1"	NA	NA	NA	100	1	79.4	28	0.5	791	4365	26
"3"	NA	"control"	"SW"	"90"	"b"	"2"	NA	NA	NA	129	2	89.7	31.8	1.1	840	4119	43
"4"	NA	"control"	"SW"	"30"	"b"	"1"	NA	NA	NA	187	25	113.1	35.4	1.5	NA	NA	116
"4"	NA	"control"	"SW"	"30"	"b"	"2"	NA	NA	NA	99	19	137.4	33.6	1.7	NA	NA	54
"4"	NA	"control"	"SW"	"90"	"b"	"1"	NA	NA	NA	142	12	106.3	28.5	1.5	1204	4293	80
"4"	NA	"control"	"SW"	"90"	"b"	"2"	NA	NA	NA	130	19	119.3	30.7	1.7	1291	4322	79
